day,hour,kw_returned,kw_consumed
2022-06-01,0,NA,0.503
2022-06-01,1,NA,0.528
2022-06-01,2,NA,0.503
2022-06-01,3,NA,0.479
2022-06-01,4,NA,0.525
2022-06-01,5,NA,0.767
2022-06-01,6,NA,1.11
2022-06-01,7,NA,1.423
2022-06-01,8,NA,0.822
2022-06-01,9,NA,0.89
2022-06-01,10,NA,0.848
2022-06-01,11,NA,2.72
2022-06-01,12,NA,1.036
2022-06-01,13,NA,3.073
2022-06-01,14,NA,1.267
2022-06-01,15,NA,0.469
2022-06-01,16,NA,NA
2022-06-01,17,NA,NA
2022-06-01,18,NA,NA
2022-06-01,19,NA,NA
2022-06-01,20,NA,NA
2022-06-01,21,NA,NA
2022-06-01,22,NA,NA
2022-06-01,23,NA,NA
2022-06-02,0,NA,0.383
2022-06-02,1,NA,0.49
2022-06-02,2,NA,0.505
2022-06-02,3,NA,0.457
2022-06-02,4,NA,0.411
2022-06-02,5,NA,1.169
2022-06-02,6,NA,0.716
2022-06-02,7,NA,1.976
2022-06-02,8,NA,1.174
2022-06-02,9,NA,2.906
2022-06-02,10,NA,1.298
2022-06-02,11,NA,1.197
2022-06-02,12,NA,0.899
2022-06-02,13,NA,0.83
2022-06-02,14,NA,0.695
2022-06-02,15,NA,0.633
2022-06-10,16,NA,0.731
2022-06-10,17,NA,0.667
2022-06-10,18,NA,1.166
2022-06-10,19,NA,1.059
2022-06-10,20,NA,0.785
2022-06-10,21,NA,1.236
2022-06-10,22,NA,0.929
2022-06-10,23,NA,0.509
2022-06-11,0,NA,0.504
2022-06-11,1,NA,0.442
2022-06-11,2,NA,0.487
2022-06-11,3,NA,0.558
2022-06-11,4,NA,0.791
2022-06-11,5,NA,0.915
2022-06-11,6,NA,0.743
2022-06-11,7,NA,0.632
2022-06-11,8,NA,0.852
2022-06-11,9,NA,1.971
2022-06-11,10,NA,2.502
2022-06-11,11,NA,0.848
2022-06-11,12,NA,0.724
2022-06-11,13,NA,1.262
2022-06-11,14,NA,1.282
2022-06-11,15,NA,1.113
2022-06-11,16,NA,0.824
2022-06-11,17,NA,0.738
2022-06-11,18,NA,0.788
2022-06-11,19,NA,0.771
2022-06-11,20,NA,0.806
2022-06-11,21,NA,0.947
2022-06-11,22,NA,1.171
2022-06-11,23,NA,0.532
2022-06-12,0,NA,0.523
2022-06-12,1,NA,0.478
2022-06-12,2,NA,0.53
2022-06-12,3,NA,0.484
2022-06-12,4,NA,0.75
2022-06-12,5,NA,0.872
2022-06-12,6,NA,0.819
2022-06-12,7,NA,1.148
2022-06-12,8,NA,0.887
2022-06-12,9,NA,0.899
2022-06-12,10,NA,0.721
2022-06-12,11,NA,1.28
2022-06-12,12,NA,1.131
2022-06-12,13,NA,1.245
2022-06-12,14,NA,2.176
2022-06-12,15,NA,1.388
2022-06-12,16,NA,0.649
2022-06-12,17,NA,0.74
2022-06-12,18,NA,1.397
2022-06-12,19,NA,0.911
2022-06-12,20,NA,1.338
2022-06-12,21,NA,0.773
2022-06-12,22,NA,0.535
2022-06-12,23,NA,0.529
2022-06-13,0,NA,0.486
2022-06-13,1,NA,0.489
2022-06-13,2,NA,0.506
2022-06-13,3,NA,0.455
2022-06-13,4,NA,0.735
2022-06-13,5,NA,0.888
2022-06-13,6,NA,0.662
2022-06-13,7,NA,1.908
2022-06-13,8,NA,1.024
2022-06-13,9,NA,1.269
2022-06-13,10,NA,0.925
2022-06-13,11,NA,0.691
2022-06-13,12,NA,0.817
2022-06-13,13,NA,0.825
2022-06-13,14,NA,0.673
2022-06-13,15,NA,1.009
2022-06-13,16,NA,1.212
2022-06-13,17,NA,1.958
2022-06-13,18,NA,1.862
2022-06-13,19,NA,1.895
2022-06-13,20,NA,2.303
2022-06-13,21,NA,2.477
2022-06-13,22,NA,4.178
2022-06-13,23,NA,0.497
2022-06-14,0,NA,0.5
2022-06-14,1,NA,0.477
2022-06-14,2,NA,0.451
2022-06-14,3,NA,0.507
2022-06-14,4,NA,0.84
2022-06-14,5,NA,0.838
2022-06-14,6,NA,0.678
2022-06-14,7,NA,0.937
2022-06-21,8,NA,1.213
2022-06-21,9,NA,1.03
2022-06-21,10,NA,3.251
2022-06-21,11,NA,1.119
2022-06-21,12,NA,0.817
2022-06-21,13,NA,0.675
2022-06-21,14,NA,0.58
2022-06-21,15,NA,0.762
2022-06-21,16,NA,2.337
2022-06-21,17,NA,1.049
2022-06-21,18,NA,1.173
2022-06-21,19,NA,0.886
2022-06-21,20,NA,2.173
2022-06-21,21,NA,1.855
2022-06-21,22,NA,0.609
2022-06-21,23,NA,0.521
2022-06-22,0,NA,0.511
2022-06-22,1,NA,0.473
2022-06-22,2,NA,0.52
2022-06-22,3,NA,0.627
2022-06-22,4,NA,0.716
2022-06-22,5,NA,0.574
2022-06-22,6,NA,0.549
2022-06-22,7,NA,0.952
2022-06-22,8,NA,0.661
2022-06-22,9,NA,0.906
2022-06-22,10,NA,1.449
2022-06-22,11,NA,0.956
2022-06-22,12,NA,0.764
2022-06-22,13,NA,0.735
2022-06-22,14,NA,1.196
2022-06-22,15,NA,2.434
2022-06-22,16,NA,0.957
2022-06-22,17,NA,0.758
2022-06-22,18,NA,2.971
2022-06-22,19,NA,2.149
2022-06-22,20,NA,0.755
2022-06-22,21,NA,0.684
2022-06-22,22,NA,1.005
2022-06-22,23,NA,0.925
2022-06-23,0,NA,0.475
2022-06-23,1,NA,0.504
2022-06-23,2,NA,0.459
2022-06-23,3,NA,0.458
2022-06-23,4,NA,0.478
2022-06-23,5,NA,0.638
2022-06-23,6,NA,0.519
2022-06-23,7,NA,1.01
2022-06-23,8,NA,0.734
2022-06-23,9,NA,0.766
2022-06-23,10,NA,0.672
2022-06-23,11,NA,0.639
2022-06-23,12,NA,0.765
2022-06-23,13,NA,0.712
2022-06-23,14,NA,0.75
2022-06-23,15,NA,0.746
2022-06-23,16,NA,0.698
2022-06-23,17,NA,1.457
2022-06-23,18,NA,3.65
2022-06-23,19,NA,2.62
2022-06-23,20,NA,0.71
2022-06-23,21,NA,0.59
2022-06-23,22,NA,0.55
2022-06-23,23,NA,0.479
2022-06-24,0,NA,0.433
2022-06-24,1,NA,0.461
2022-06-24,2,NA,0.475
2022-06-24,3,NA,0.437
2022-06-24,4,NA,0.43
2022-06-24,5,NA,0.653
2022-06-24,6,NA,0.519
2022-06-24,7,NA,1.662
2022-06-24,8,NA,0.762
2022-06-24,9,NA,0
2022-06-24,10,NA,0
2022-06-24,11,NA,0
2022-06-24,12,NA,0
2022-06-24,13,NA,0.039
2022-06-24,14,NA,0.061
2022-06-24,15,NA,0.98
2022-06-24,16,NA,0.737
2022-06-24,17,NA,0.741
2022-06-24,18,NA,0.652
2022-06-24,19,NA,3.079
2022-06-24,20,NA,0.687
2022-06-24,21,NA,0.652
2022-06-24,22,NA,2.001
2022-06-24,23,NA,0.526
2022-06-25,0,NA,0.497
2022-06-25,1,NA,0.461
2022-06-25,2,NA,0.503
2022-06-25,3,NA,0.503
2022-06-25,4,NA,0.471
2022-06-25,5,NA,0.663
2022-06-25,6,NA,0.687
2022-06-25,7,NA,1.758
2022-06-25,8,NA,2.864
2022-06-25,9,NA,0.708
2022-06-25,10,NA,0.713
2022-06-25,11,NA,2.229
2022-06-25,12,NA,0.817
2022-06-25,13,NA,1.283
2022-06-25,14,NA,0.827
2022-06-25,15,NA,0.806
2022-06-25,16,NA,0.83
2022-06-25,17,NA,0.73
2022-06-25,18,NA,0.832
2022-06-25,19,NA,2.151
2022-06-25,20,NA,2.778
2022-06-25,21,NA,1.447
2022-06-25,22,NA,1.949
2022-06-25,23,NA,0.695
2022-06-26,0,NA,0.488
2022-06-26,1,NA,0.481
2022-06-26,2,NA,0.449
2022-06-26,3,NA,0.478
2022-06-26,4,NA,0.51
2022-06-26,5,NA,0.643
2022-06-26,6,NA,0.585
2022-06-26,7,NA,0.595
2022-06-26,8,NA,1.201
2022-06-26,9,NA,2.51
2022-06-26,10,NA,1.193
2022-06-26,11,NA,1.102
2022-06-26,12,NA,1.733
2022-06-26,13,NA,1.737
2022-06-26,14,NA,1.868
2022-06-26,15,NA,1.172
2022-06-26,16,NA,2.63
2022-06-26,17,NA,1.222
2022-06-26,18,NA,3.899
2022-06-26,19,NA,1.807
2022-06-26,20,NA,1.041
2022-06-26,21,NA,2.149
2022-06-26,22,NA,1.662
2022-06-26,23,NA,0.579
2022-06-27,0,NA,0.501
2022-06-27,1,NA,0.685
2022-06-27,2,NA,0.541
2022-06-27,3,NA,0.496
2022-06-27,4,NA,0.538
2022-06-27,5,NA,0.691
2022-06-27,6,NA,0.608
2022-06-27,7,NA,1.117
2022-06-27,8,NA,0.909
2022-06-27,9,NA,1.381
2022-06-27,10,NA,2.669
2022-06-27,11,NA,0.644
2022-06-27,12,NA,0.823
2022-06-27,13,NA,2.544
2022-06-27,14,NA,0.856
2022-06-27,15,NA,2.701
2022-06-27,16,NA,0.712
2022-06-27,17,NA,1.999
2022-06-27,18,NA,2.857
2022-06-27,19,NA,2.848
2022-06-27,20,NA,1.724
2022-06-27,21,NA,1.901
2022-06-27,22,NA,2.265
2022-06-27,23,NA,0.678
2022-06-28,0,NA,0.599
2022-06-28,1,NA,0.56
2022-06-28,2,NA,0.593
2022-06-28,3,NA,0.611
2022-06-28,4,NA,0.571
2022-06-28,5,NA,0.776
2022-06-28,6,NA,0.695
2022-06-28,7,NA,1.357
2022-06-28,8,NA,0.874
2022-06-28,9,NA,0.839
2022-06-28,10,NA,0.903
2022-06-28,11,NA,0.819
2022-06-28,12,NA,0.699
2022-06-28,13,NA,0.798
2022-06-28,14,NA,0.985
2022-06-28,15,NA,1.098
2022-06-28,16,NA,1.094
2022-06-28,17,NA,0.793
2022-06-28,18,NA,0.854
2022-06-28,19,NA,0.832
2022-06-28,20,NA,0.696
2022-06-28,21,NA,0.698
2022-06-28,22,NA,0.725
2022-06-28,23,NA,0.551
2022-06-29,0,NA,0.502
2022-06-29,1,NA,0.534
2022-06-29,2,NA,0.536
2022-06-29,3,NA,0.502
2022-06-29,4,NA,0.536
2022-06-29,5,NA,0.701
2022-06-29,6,NA,0.604
2022-06-29,7,NA,2.851
2022-06-29,8,NA,1.057
2022-06-29,9,NA,0.815
2022-06-29,10,NA,0.848
2022-06-29,11,NA,1.282
2022-06-29,12,NA,0.764
2022-06-29,13,NA,0.892
2022-06-29,14,NA,0.867
2022-06-29,15,NA,0.816
2022-06-29,16,NA,0.943
2022-06-29,17,NA,1.085
2022-06-29,18,NA,2.878
2022-06-29,19,NA,1.666
2022-06-29,20,NA,0.735
2022-06-29,21,NA,0.943
2022-06-29,22,NA,1.72
2022-06-29,23,NA,0.964
2022-06-30,0,NA,0.537
2022-06-30,1,NA,0.577
2022-06-30,2,NA,0.648
2022-06-30,3,NA,0.524
2022-06-30,4,NA,0.542
2022-06-30,5,NA,0.658
2022-06-30,6,NA,0.754
2022-06-30,7,NA,0.894
2022-06-30,8,NA,0.683
2022-06-30,9,NA,1.123
2022-06-30,10,NA,1.122
2022-06-30,11,NA,0.686
2022-06-30,12,NA,0.772
2022-06-30,13,NA,0.648
2022-06-30,14,NA,0.85
2022-06-30,15,NA,1.234
2022-06-30,16,NA,1.778
2022-06-30,17,NA,1.013
2022-06-30,18,NA,1.973
2022-06-30,19,NA,1.591
2022-06-30,20,NA,1.301
2022-06-30,21,NA,1.196
2022-06-30,22,NA,1.026
2022-06-30,23,NA,0.858
2022-07-01,0,NA,0.555
2022-07-01,1,NA,0.539
2022-07-01,2,NA,0.567
2022-07-01,3,NA,0.526
2022-07-01,4,NA,0.557
2022-07-01,5,NA,0.733
2022-07-01,6,NA,0.625
2022-07-01,7,NA,0.798
2022-07-01,8,NA,0.89
2022-07-01,9,NA,0.66
2022-07-01,10,NA,1.73
2022-07-01,11,NA,0.881
2022-07-01,12,NA,1.173
2022-07-01,13,NA,1.827
2022-07-01,14,NA,1.573
2022-07-01,15,NA,1.276
2022-07-01,16,NA,2.457
2022-07-01,17,NA,1.811
2022-07-01,18,NA,0.834
2022-07-01,19,NA,2.763
2022-07-01,20,NA,5.433
2022-07-01,21,NA,2.054
2022-07-01,22,NA,0.9
2022-07-01,23,NA,1.066
2022-07-02,0,NA,0.567
2022-07-02,1,NA,0.571
2022-07-02,2,NA,0.573
2022-07-02,3,NA,0.539
2022-07-02,4,NA,0.548
2022-07-02,5,NA,0.741
2022-07-02,6,NA,0.651
2022-07-02,7,NA,0.742
2022-07-02,8,NA,0.836
2022-07-02,9,NA,0.627
2022-07-02,10,NA,0.601
2022-07-02,11,NA,1.992
2022-07-02,12,NA,0.764
2022-07-02,13,NA,1.188
2022-07-02,14,NA,1.585
2022-07-02,15,NA,2.093
2022-07-02,16,NA,1.757
2022-07-02,17,NA,0.663
2022-07-02,18,NA,2.549
2022-07-02,19,NA,2.899
2022-07-02,20,NA,0.739
2022-07-02,21,NA,2.07
2022-07-02,22,NA,1.537
2022-07-02,23,NA,1.392
2022-07-03,0,NA,0.558
2022-07-03,1,NA,0.527
2022-07-03,2,NA,0.553
2022-07-03,3,NA,0.605
2022-07-03,4,NA,0.643
2022-07-03,5,NA,0.727
2022-07-03,6,NA,0.607
2022-07-03,7,NA,0.63
2022-07-03,8,NA,1.052
2022-07-03,9,NA,0.664
2022-07-03,10,NA,0.78
2022-07-03,11,NA,0.623
2022-07-03,12,NA,0.671
2022-07-03,13,NA,1.094
2022-07-03,14,NA,1.344
2022-07-03,15,NA,1.246
2022-07-03,16,NA,0.729
2022-07-03,17,NA,4.201
2022-07-03,18,NA,2.499
2022-07-03,19,NA,0.716
2022-07-03,20,NA,0.718
2022-07-03,21,NA,0.715
2022-07-03,22,NA,1.575
2022-07-03,23,NA,1.05
2022-07-04,0,NA,0.571
2022-07-04,1,NA,0.568
2022-07-04,2,NA,0.564
2022-07-04,3,NA,0.53
2022-07-04,4,NA,0.579
2022-07-04,5,NA,0.845
2022-07-04,6,NA,1.244
2022-07-04,7,NA,2.544
2022-07-04,8,NA,1.154
2022-07-04,9,NA,1.853
2022-07-04,10,NA,0.878
2022-07-04,11,NA,0.966
2022-07-04,12,NA,0.767
2022-07-04,13,NA,0.692
2022-07-04,14,NA,0.814
2022-07-04,15,NA,0.828
2022-07-04,16,NA,0.7
2022-07-04,17,NA,0.959
2022-07-04,18,NA,0.845
2022-07-04,19,NA,1.124
2022-07-04,20,NA,0.673
2022-07-04,21,NA,0.687
2022-07-04,22,NA,0.768
2022-07-04,23,NA,0.715
2022-07-05,0,NA,0.629
2022-07-05,1,NA,0.654
2022-07-05,2,NA,0.632
2022-07-05,3,NA,0.605
2022-07-05,4,NA,0.647
2022-07-05,5,NA,1.199
2022-07-05,6,NA,0.73
2022-07-05,7,NA,0.808
2022-07-05,8,NA,0.964
2022-07-05,9,NA,1.232
2022-07-05,10,NA,2.913
2022-07-05,11,NA,1.623
2022-07-05,12,NA,0.774
2022-07-05,13,NA,0.746
2022-07-05,14,NA,0.634
2022-07-05,15,NA,0.603
2022-07-05,16,NA,0.787
2022-07-05,17,NA,1.125
2022-07-05,18,NA,0.644
2022-07-05,19,NA,1.755
2022-07-05,20,NA,0.764
2022-07-05,21,NA,0.721
2022-07-05,22,NA,0.716
2022-07-05,23,NA,0.639
2022-07-06,0,NA,0.588
2022-07-06,1,NA,0.621
2022-07-06,2,NA,0.605
2022-07-06,3,NA,0.574
2022-07-06,4,NA,0.605
2022-07-06,5,NA,0.759
2022-07-06,6,NA,1.151
2022-07-06,7,NA,0.939
2022-07-06,8,NA,1.053
2022-07-06,9,NA,0.76
2022-07-06,10,NA,0.853
2022-07-06,11,NA,0.865
2022-07-06,12,NA,2.967
2022-07-06,13,NA,0.891
2022-07-06,14,NA,0.884
2022-07-06,15,NA,0.774
2022-07-06,16,NA,0.862
2022-07-06,17,NA,1.681
2022-07-06,18,NA,0.998
2022-07-06,19,NA,0.836
2022-07-06,20,NA,0.735
2022-07-06,21,NA,0.751
2022-07-06,22,NA,0.703
2022-07-06,23,NA,0.519
2022-07-07,0,NA,0.54
2022-07-07,1,NA,0.508
2022-07-07,2,NA,0.555
2022-07-07,3,NA,0.506
2022-07-07,4,NA,0.508
2022-07-07,5,NA,0.678
2022-07-07,6,NA,0.823
2022-07-07,7,NA,1.047
2022-07-07,8,NA,1.216
2022-07-07,9,NA,3.222
2022-07-07,10,NA,1.845
2022-07-07,11,NA,1.57
2022-07-07,12,NA,2.605
2022-07-07,13,NA,1.278
2022-07-07,14,NA,2.642
2022-07-07,15,NA,0.763
2022-07-07,16,NA,1.069
2022-07-07,17,NA,1.124
2022-07-07,18,NA,0.852
2022-07-07,19,NA,0.69
2022-07-07,20,NA,0.632
2022-07-07,21,NA,0.891
2022-07-07,22,NA,0.788
2022-07-07,23,NA,0.696
2022-07-08,0,NA,0.542
2022-07-08,1,NA,0.51
2022-07-08,2,NA,0.959
2022-07-08,3,NA,0.491
2022-07-08,4,NA,0.677
2022-07-08,5,NA,0.689
2022-07-08,6,NA,0.591
2022-07-08,7,NA,0.231
2022-07-08,8,NA,0.039
2022-07-08,9,NA,0
2022-07-08,10,NA,0
2022-07-08,11,NA,0.001
2022-07-08,12,NA,0
2022-07-08,13,NA,0
2022-07-08,14,NA,0.09
2022-07-08,15,NA,0
2022-07-08,16,NA,0.189
2022-07-08,17,NA,0.663
2022-07-08,18,NA,1.009
2022-07-08,19,NA,1.065
2022-07-08,20,NA,1.665
2022-07-08,21,NA,0.608
2022-07-08,22,NA,0.584
2022-07-08,23,NA,0.683
2022-07-09,0,NA,0.523
2022-07-09,1,NA,0.519
2022-07-09,2,NA,0.534
2022-07-09,3,NA,0.508
2022-07-09,4,NA,0.494
2022-07-09,5,NA,0.585
2022-07-09,6,NA,0.251
2022-07-09,7,NA,0.035
2022-07-09,8,NA,0
2022-07-09,9,NA,0.104
2022-07-09,10,NA,0
2022-07-09,11,NA,0
2022-07-09,12,NA,0
2022-07-09,13,NA,0
2022-07-09,14,NA,0.006
2022-07-09,15,NA,0.567
2022-07-09,16,NA,0.306
2022-07-09,17,NA,1.708
2022-07-09,18,NA,1.096
2022-07-09,19,NA,1.133
2022-07-09,20,NA,1.61
2022-07-09,21,NA,0.752
2022-07-09,22,NA,1.321
2022-07-09,23,NA,1.059
2022-07-10,0,NA,0.604
2022-07-10,1,NA,0.553
2022-07-10,2,NA,0.539
2022-07-10,3,NA,0.513
2022-07-10,4,NA,0.535
2022-07-10,5,NA,0.565
2022-07-10,6,NA,0.165
2022-07-10,7,NA,0.02
2022-07-10,8,NA,0.005
2022-07-10,9,NA,0.002
2022-07-10,10,NA,0
2022-07-10,11,NA,0
2022-07-10,12,NA,0.002
2022-07-10,13,NA,0.014
2022-07-10,14,NA,0
2022-07-10,15,NA,0
2022-07-10,16,NA,0.137
2022-07-10,17,NA,0.592
2022-07-10,18,NA,0.312
2022-07-10,19,NA,0.738
2022-07-10,20,NA,0.731
2022-07-10,21,NA,0.948
2022-07-10,22,NA,0.767
2022-07-10,23,NA,0.598
2022-07-11,0,NA,0.528
2022-07-11,1,NA,0.551
2022-07-11,2,NA,0.51
2022-07-11,3,NA,1.011
2022-07-11,4,NA,0.51
2022-07-11,5,NA,0.672
2022-07-11,6,NA,0.282
2022-07-11,7,NA,0.009
2022-07-11,8,NA,0.506
2022-07-11,9,NA,0
2022-07-11,10,NA,0
2022-07-11,11,NA,0
2022-07-11,12,NA,0
2022-07-11,13,NA,0
2022-07-11,14,NA,0
2022-07-11,15,NA,0.029
2022-07-11,16,NA,0.581
2022-07-11,17,NA,0.944
2022-07-11,18,NA,1.669
2022-07-11,19,NA,2.872
2022-07-11,20,NA,2.851
2022-07-11,21,NA,3.157
2022-07-11,22,NA,1.579
2022-07-11,23,NA,1.894
2022-07-12,0,NA,1.517
2022-07-12,1,NA,0.573
2022-07-12,2,NA,0.564
2022-07-12,3,NA,0.588
2022-07-12,4,NA,0.531
2022-07-12,5,NA,0.676
2022-07-12,6,NA,0.307
2022-07-12,7,NA,0.01
2022-07-12,8,NA,0.057
2022-07-12,9,NA,0
2022-07-12,10,NA,0
2022-07-12,11,NA,0
2022-07-12,12,NA,0
2022-07-12,13,NA,0
2022-07-12,14,NA,0.027
2022-07-12,15,NA,0
2022-07-12,16,NA,0
2022-07-12,17,NA,0.025
2022-07-12,18,NA,0.634
2022-07-12,19,NA,1.098
2022-07-12,20,NA,0.42
2022-07-12,21,NA,0.927
2022-07-12,22,NA,1.354
2022-07-12,23,NA,0.993
2022-07-13,0,NA,0.484
2022-07-13,1,NA,0.469
2022-07-13,2,NA,0.53
2022-07-13,3,NA,0.497
2022-07-13,4,NA,0.492
2022-07-13,5,NA,0.338
2022-07-13,6,NA,0.013
2022-07-13,7,NA,0
2022-07-13,8,NA,0
2022-07-13,9,NA,0
2022-07-13,10,NA,0.001
2022-07-13,11,NA,0
2022-07-13,12,NA,0.001
2022-07-13,13,NA,0
2022-07-13,14,NA,0
2022-07-13,15,NA,0
2022-07-13,16,NA,0
2022-07-13,17,NA,0.089
2022-07-13,18,NA,0.546
2022-07-13,19,NA,2.338
2022-07-13,20,NA,0.812
2022-07-13,21,NA,0.543
2022-07-13,22,NA,0.599
2022-07-13,23,NA,0.554
2022-07-14,0,NA,0.521
2022-07-14,1,NA,0.645
2022-07-14,2,NA,0.571
2022-07-14,3,NA,0.511
2022-07-14,4,NA,1.738
2022-07-14,5,NA,0.48
2022-07-14,6,NA,0.169
2022-07-14,7,NA,0
2022-07-14,8,NA,0
2022-07-14,9,NA,0
2022-07-14,10,NA,0
2022-07-14,11,NA,0
2022-07-14,12,NA,0
2022-07-14,13,NA,0
2022-07-14,14,NA,0
2022-07-14,15,NA,0
2022-07-14,16,NA,0
2022-07-14,17,NA,0.006
2022-07-14,18,NA,0.648
2022-07-14,19,NA,0.66
2022-07-14,20,NA,1.016
2022-07-14,21,NA,0.473
2022-07-14,22,NA,0.544
2022-07-14,23,NA,0.903
2022-07-15,0,NA,NA
2022-07-15,1,NA,NA
2022-07-15,2,NA,NA
2022-07-15,3,NA,NA
2022-07-15,4,NA,NA
2022-07-15,5,0,0.317
2022-07-15,6,0.041,0.13
2022-07-15,7,1.622,0
2022-07-15,8,4.259,0
2022-07-15,9,5.893,0
2022-07-15,10,7.215,0.001
2022-07-15,11,8.594,0
2022-07-15,12,9.773,0
2022-07-15,13,6.166,0.001
2022-07-15,14,5.729,0
2022-07-15,15,5.16,0
2022-07-15,16,5.371,0
2022-07-15,17,1.51,0.104
2022-07-15,18,0.34,0.451
2022-07-15,19,0.088,0.93
2022-07-15,20,0,0.649
2022-07-15,21,0,1.482
2022-07-15,22,0,0.662
2022-07-15,23,0,1.176
2022-07-16,0,0,0.515
2022-07-16,1,0,0.936
2022-07-16,2,0,0.492
2022-07-16,3,0,0.528
2022-07-16,4,0,1.477
2022-07-16,5,0,0.568
2022-07-16,6,0.092,0.177
2022-07-16,7,1.517,0
2022-07-16,8,4.074,0
2022-07-16,9,6.179,0
2022-07-16,10,6.378,0
2022-07-16,11,9.185,0
2022-07-16,12,6.844,0
2022-07-16,13,6.703,0
2022-07-16,14,7.083,0
2022-07-16,15,6.618,0.005
2022-07-16,16,5.244,0
2022-07-16,17,1.775,0.142
2022-07-16,18,0.294,0.379
2022-07-16,19,0.081,0.562
2022-07-16,20,0,0.544
2022-07-16,21,0,1.331
2022-07-16,22,0,0.54
2022-07-16,23,0,0.958
2022-07-17,0,0,0.516
2022-07-17,1,0,0.457
2022-07-17,2,0,0.696
2022-07-17,3,0,0.512
2022-07-17,4,0,1.431
2022-07-17,5,0,0.533
2022-07-17,6,0.133,0.087
2022-07-17,7,1.043,0
2022-07-17,8,2.979,0
2022-07-17,9,6.218,0
2022-07-17,10,8.107,0
2022-07-17,11,9.34,0
2022-07-17,12,9.887,0
2022-07-17,13,8.957,0
2022-07-17,14,8.417,0
2022-07-17,15,7.764,0
2022-07-17,16,4.772,0.016
2022-07-17,17,0.84,0.235
2022-07-17,18,0.563,0.001
2022-07-17,19,0.165,0.661
2022-07-17,20,0,0.691
2022-07-17,21,0,0.781
2022-07-17,22,0,0.619
2022-07-17,23,0,0.562
2022-07-18,0,0,0.549
2022-07-18,1,0,0.537
2022-07-18,2,0,0.522
2022-07-18,3,0,0.551
2022-07-18,4,0,1.75
2022-07-18,5,0,0.485
2022-07-18,6,0.032,0.147
2022-07-18,7,0.786,0.009
2022-07-18,8,1.92,0.051
2022-07-18,9,2.701,0.059
2022-07-18,10,6.79,0
2022-07-18,11,9.478,0
2022-07-18,12,9.897,0
2022-07-18,13,8.109,0
2022-07-18,14,5.467,0
2022-07-18,15,4.589,0.54
2022-07-18,16,4.462,0.026
2022-07-18,17,2.76,0
2022-07-18,18,0.265,0.857
2022-07-18,19,0,0.324
2022-07-18,20,0,0.81
2022-07-18,21,0,0.661
2022-07-18,22,0,1.025
2022-07-18,23,0,0.493
2022-07-19,0,0,0.487
2022-07-19,1,0,0.521
2022-07-19,2,0,0.492
2022-07-19,3,0,0.508
2022-07-19,4,0,0.521
2022-07-19,5,0,0.437
2022-07-19,6,0.039,0.182
2022-07-19,7,1.563,0
2022-07-19,8,3.69,0
2022-07-19,9,6.322,0
2022-07-19,10,7.793,0
2022-07-19,11,9.614,0
2022-07-19,12,9.415,0
2022-07-19,13,9.954,0
2022-07-19,14,8.849,0
2022-07-19,15,7.534,0
2022-07-19,16,4.523,0
2022-07-19,17,1.857,0.096
2022-07-19,18,0.363,0.56
2022-07-19,19,0,0.225
2022-07-19,20,0,0.964
2022-07-19,21,0,0.814
2022-07-19,22,0,0.698
2022-07-19,23,0,0.922
2022-07-20,0,0,0.5
2022-07-20,1,0,0.485
2022-07-20,2,0,0.488
2022-07-20,3,0,0.524
2022-07-20,4,0,1.465
2022-07-20,5,0,0.533
2022-07-20,6,0.038,0.177
2022-07-20,7,1.419,0
2022-07-20,8,4.131,0
2022-07-20,9,6.153,0
2022-07-20,10,7.931,0
2022-07-20,11,8.444,0
2022-07-20,12,9.792,0
2022-07-20,13,9.109,0
2022-07-20,14,8.554,0
2022-07-20,15,7.371,0
2022-07-20,16,4.802,0
2022-07-20,17,0.239,0.675
2022-07-20,18,0,2.565
2022-07-20,19,0,5.313
2022-07-20,20,0,1.919
2022-07-20,21,0,5
2022-07-20,22,0,1.066
2022-07-20,23,0,1.661
2022-07-21,0,0,0.556
2022-07-21,1,0,0.512
2022-07-21,2,0,0.497
2022-07-21,3,0,0.517
2022-07-21,4,0,0.532
2022-07-21,5,0,0.629
2022-07-21,6,0.037,0.784
2022-07-21,7,1.195,0.028
2022-07-21,8,3.464,0
2022-07-21,9,4.014,0
2022-07-21,10,7.331,0
2022-07-21,11,3.681,0.474
2022-07-21,12,5.927,0.004
2022-07-21,13,6.135,0.036
2022-07-21,14,3.832,1.121
2022-07-21,15,3.223,0.258
2022-07-21,16,4.697,0
2022-07-21,17,0.959,0.658
2022-07-21,18,0.037,0.203
2022-07-21,19,0,2.396
2022-07-21,20,0,3.188
2022-07-21,21,0,0.809
2022-07-21,22,0,1.203
2022-07-21,23,0,0.79
2022-07-22,0,0,0.542
2022-07-22,1,0,0.483
2022-07-22,2,0,0.543
2022-07-22,3,0,0.977
2022-07-22,4,0,0.485
2022-07-22,5,0,0.485
2022-07-22,6,0.003,0.236
2022-07-22,7,1.161,0.342
2022-07-22,8,3.676,0
2022-07-22,9,5.062,0.054
2022-07-22,10,7.741,0
2022-07-22,11,7.516,0
2022-07-22,12,8.652,0
2022-07-22,13,7.731,0
2022-07-22,14,8.258,0
2022-07-22,15,4.984,0.101
2022-07-22,16,3.813,0.011
2022-07-22,17,0.631,0.624
2022-07-22,18,0.05,1.681
2022-07-22,19,0.242,0.077
2022-07-22,20,0,2.625
2022-07-22,21,0,2.698
2022-07-22,22,0,1.108
2022-07-22,23,0,0.609
2022-07-23,0,0,0.517
2022-07-23,1,0,0.533
2022-07-23,2,0,0.55
2022-07-23,3,0,0.56
2022-07-23,4,0,0.599
2022-07-23,5,0,0.738
2022-07-23,6,0.001,0.281
2022-07-23,7,0.792,0.116
2022-07-23,8,0.184,0.932
2022-07-23,9,1.887,0
2022-07-23,10,1.147,0
2022-07-23,11,8.315,0
2022-07-23,12,8.794,0
2022-07-23,13,6.856,0
2022-07-23,14,6.386,0
2022-07-23,15,5.359,0
2022-07-23,16,4.903,0
2022-07-23,17,0.844,0.316
2022-07-23,18,0.076,3.107
2022-07-23,19,0,1.146
2022-07-23,20,0,1.706
2022-07-23,21,0,0.802
2022-07-23,22,0,1.914
2022-07-23,23,0,1.582
2022-07-24,0,0,0.631
2022-07-24,1,0,0.563
2022-07-24,2,0,0.528
2022-07-24,3,0,0.499
2022-07-24,4,0,0.55
2022-07-24,5,0,0.725
2022-07-24,6,0.045,0.217
2022-07-24,7,1.295,0.013
2022-07-24,8,3.855,0
2022-07-24,9,5.213,0
2022-07-24,10,7.713,0
2022-07-24,11,8.417,0
2022-07-24,12,5.56,0
2022-07-24,13,7.29,0.002
2022-07-24,14,6.327,0
2022-07-24,15,5.02,0.015
2022-07-24,16,0.235,1.188
2022-07-24,17,0,2.977
2022-07-24,18,0.068,1.285
2022-07-24,19,0.221,0.215
2022-07-24,20,0,2.021
2022-07-24,21,0,2.831
2022-07-24,22,0,3.051
2022-07-24,23,0,1.057
2022-07-25,0,0,0.544
2022-07-25,1,0,0.525
2022-07-25,2,0,0.541
2022-07-25,3,0,0.538
2022-07-25,4,0,0.511
2022-07-25,5,0,0.765
2022-07-25,6,0.021,0.22
2022-07-25,7,1.331,0.009
2022-07-25,8,3.169,0.001
2022-07-25,9,4.15,0
2022-07-25,10,7.634,0
2022-07-25,11,6.69,0
2022-07-25,12,8.931,0
2022-07-25,13,6.583,0
2022-07-25,14,6.595,0
2022-07-25,15,5.635,0
2022-07-25,16,3.813,0
2022-07-25,17,0.171,0.74
2022-07-25,18,0.052,2.028
2022-07-25,19,0,1.318
2022-07-25,20,0,1.83
2022-07-25,21,0,1.161
2022-07-25,22,0,1.921
2022-07-25,23,0,0.652
2022-07-26,0,0,0.507
2022-07-26,1,0,0.604
2022-07-26,2,0,1.646
2022-07-26,3,0,0.747
2022-07-26,4,0,0.515
2022-07-26,5,0,0.788
2022-07-26,6,0.004,0.271
2022-07-26,7,0.855,0.146
2022-07-26,8,2.939,0.048
2022-07-26,9,4.377,0
2022-07-26,10,5.959,0
2022-07-26,11,7.457,0
2022-07-26,12,8.875,0
2022-07-26,13,8.412,0
2022-07-26,14,7.112,0
2022-07-26,15,6.605,0
2022-07-26,16,3.923,0
2022-07-26,17,0.761,0.225
2022-07-26,18,0,2.991
2022-07-26,19,0,1.013
2022-07-26,20,0,2.352
2022-07-26,21,0,0.992
2022-07-26,22,0,1.518
2022-07-26,23,0,1.308
2022-07-27,0,0,0.581
2022-07-27,1,0,0.612
2022-07-27,2,0,1.57
2022-07-27,3,0,0.541
2022-07-27,4,0,0.631
2022-07-27,5,0,0.805
2022-07-27,6,0.012,0.38
2022-07-27,7,0.47,0.158
2022-07-27,8,3.315,0.001
2022-07-27,9,4.189,0
2022-07-27,10,7.178,0
2022-07-27,11,6.984,0
2022-07-27,12,8.674,0
2022-07-27,13,6.412,0
2022-07-27,14,6.839,0
2022-07-27,15,5.203,0
2022-07-27,16,4.136,0
2022-07-27,17,0.343,1.323
2022-07-27,18,0,4.262
2022-07-27,19,0,1.341
2022-07-27,20,0,2.748
2022-07-27,21,0,1.954
2022-07-27,22,0,2.151
2022-07-27,23,0,1.292
2022-07-28,0,0,0.51
2022-07-28,1,0,0.551
2022-07-28,2,0,0.5
2022-07-28,3,0,0.491
2022-07-28,4,0,1.688
2022-07-28,5,0,0.73
2022-07-28,6,0.002,0.272
2022-07-28,7,0.407,0.283
2022-07-28,8,1.48,0.116
2022-07-28,9,5.334,0
2022-07-28,10,5.634,0
2022-07-28,11,8.476,0
2022-07-28,12,6.408,0
2022-07-28,13,6.281,0
2022-07-28,14,5.287,0
2022-07-28,15,6.313,0
2022-07-28,16,3.449,0
2022-07-28,17,0.242,1.029
2022-07-28,18,0.079,2.111
2022-07-28,19,0,1.329
2022-07-28,20,0,1.645
2022-07-28,21,0,1.976
2022-07-28,22,0,1.768
2022-07-28,23,0,0.523
2022-07-29,0,0,0.529
2022-07-29,1,0,1.632
2022-07-29,2,0,0.485
2022-07-29,3,0,0.504
2022-07-29,4,0,0.606
2022-07-29,5,0,1.668
2022-07-29,6,0.056,0.659
2022-07-29,7,1.013,0.015
2022-07-29,8,1.239,1.238
2022-07-29,9,3.13,0.144
2022-07-29,10,6.704,0
2022-07-29,11,7.953,0
2022-07-29,12,6.841,0
2022-07-29,13,6.347,0
2022-07-29,14,5.52,0.007
2022-07-29,15,3.6,0
2022-07-29,16,2.169,0
2022-07-29,17,0.388,0.813
2022-07-29,18,0.006,1.202
2022-07-29,19,0,2.276
2022-07-29,20,0,1.175
2022-07-29,21,0,2.066
2022-07-29,22,0,2.237
2022-07-29,23,0,1.475
2022-07-30,0,0,1.089
2022-07-30,1,0,0.729
2022-07-30,2,0,1.457
2022-07-30,3,0,0.547
2022-07-30,4,0,0.549
2022-07-30,5,0,0.768
2022-07-30,6,0.004,0.266
2022-07-30,7,0.789,0.647
2022-07-30,8,3.3,0
2022-07-30,9,4.169,0
2022-07-30,10,7.305,0
2022-07-30,11,6.79,0
2022-07-30,12,6.889,0
2022-07-30,13,7.011,0
2022-07-30,14,6.458,0
2022-07-30,15,3.233,0.36
2022-07-30,16,3.218,0.396
2022-07-30,17,0.005,0.874
2022-07-30,18,0.003,1.864
2022-07-30,19,0.001,1.258
2022-07-30,20,0,2.397
2022-07-30,21,0,1.311
2022-07-30,22,0,2.37
2022-07-30,23,0,1.216
2022-07-31,0,0,0.617
2022-07-31,1,0,0.573
2022-07-31,2,0,1.68
2022-07-31,3,0,0.579
2022-07-31,4,0,0.65
2022-07-31,5,0,0.765
2022-07-31,6,0.02,0.304
2022-07-31,7,0.791,0.124
2022-07-31,8,3.066,0.023
2022-07-31,9,4.293,0
2022-07-31,10,7.554,0
2022-07-31,11,7.258,0
2022-07-31,12,8.933,0
2022-07-31,13,6.556,0
2022-07-31,14,4.598,0
2022-07-31,15,6.169,0
2022-07-31,16,4.003,0
2022-07-31,17,1.021,1.213
2022-07-31,18,0,2.73
2022-07-31,19,0,3.23
2022-07-31,20,0,1.621
2022-07-31,21,0,1.773
2022-07-31,22,0,1.611
2022-07-31,23,0,1.24
2022-08-01,0,0,0.551
2022-08-01,1,0,0.552
2022-08-01,2,0,1.552
2022-08-01,3,0,0.538
2022-08-01,4,0,0.62
2022-08-01,5,0,1.082
2022-08-01,6,0.005,0.366
2022-08-01,7,0.584,0.062
2022-08-01,8,2.844,0.212
2022-08-01,9,6.083,0
2022-08-01,10,6.745,0
2022-08-01,11,7.118,0
2022-08-01,12,8.495,0
2022-08-01,13,7.177,0
2022-08-01,14,2.164,0.114
2022-08-01,15,0.121,0.357
2022-08-01,16,2.386,0.224
2022-08-01,17,0.414,0.391
2022-08-01,18,0.265,0.384
2022-08-01,19,0,2.434
2022-08-01,20,0,0.668
2022-08-01,21,0,2.086
2022-08-01,22,0,0.639
2022-08-01,23,0,1.101
2022-08-02,0,0,1.623
2022-08-02,1,0,0.564
2022-08-02,2,0,1.023
2022-08-02,3,0,0.831
2022-08-02,4,0,0.613
2022-08-02,5,0,0.791
2022-08-02,6,0.023,0.206
2022-08-02,7,0.329,0.418
2022-08-02,8,3.347,0.003
2022-08-02,9,4.439,0
2022-08-02,10,7.435,0
2022-08-02,11,7.217,0
2022-08-02,12,9.404,0
2022-08-02,13,7.773,0
2022-08-02,14,7.091,0.004
2022-08-02,15,4.706,0
2022-08-02,16,2.269,0.026
2022-08-02,17,1.072,0.046
2022-08-02,18,0.03,0.101
2022-08-02,19,0,2.576
2022-08-02,20,0,1.234
2022-08-02,21,0,2.263
2022-08-02,22,0,0.78
2022-08-02,23,0,0.559
2022-08-03,0,0,0.579
2022-08-03,1,0,0.497
2022-08-03,2,0,0.561
2022-08-03,3,0,0.916
2022-08-03,4,0,0.613
2022-08-03,5,0,0.697
2022-08-03,6,0.019,0.239
2022-08-03,7,0.67,0.16
2022-08-03,8,1.973,0
2022-08-03,9,4.637,0
2022-08-03,10,4.165,0
2022-08-03,11,3.933,0
2022-08-03,12,5.058,0
2022-08-03,13,5.496,0.002
2022-08-03,14,5.358,0.001
2022-08-03,15,5.746,0.012
2022-08-03,16,2.275,0.018
2022-08-03,17,1.077,0.138
2022-08-03,18,0,1.691
2022-08-03,19,0,0.447
2022-08-03,20,0,0.708
2022-08-03,21,0,1.202
2022-08-03,22,0,1.281
2022-08-03,23,0,0.678
2022-08-04,0,0,0.592
2022-08-04,1,0,0.516
2022-08-04,2,0,0.551
2022-08-04,3,0,0.521
2022-08-04,4,0,0.604
2022-08-04,5,0,1.154
2022-08-04,6,0.147,0.208
2022-08-04,7,0.584,0.041
2022-08-04,8,3.557,0.049
2022-08-04,9,4.285,0.118
2022-08-04,10,2.636,0.029
2022-08-04,11,8.914,0
2022-08-04,12,4.572,0
2022-08-04,13,2.388,0.049
2022-08-04,14,6.281,0
2022-08-04,15,4.58,0
2022-08-04,16,3.525,0.001
2022-08-04,17,1.399,0.251
2022-08-04,18,0.185,0.962
2022-08-04,19,0.016,0.37
2022-08-04,20,0,1.155
2022-08-04,21,0,1.325
2022-08-04,22,0,1.175
2022-08-04,23,0,0.539
2022-08-05,0,0,0.561
2022-08-05,1,0,0.511
2022-08-05,2,0,0.542
2022-08-05,3,0,0.526
2022-08-05,4,0,0.618
2022-08-05,5,0,0.71
2022-08-05,6,0.018,0.39
2022-08-05,7,0.958,0.368
2022-08-05,8,3.654,0
2022-08-05,9,6.032,0
2022-08-05,10,7.843,0
2022-08-05,11,9.272,0
2022-08-05,12,7.923,0
2022-08-05,13,6.219,0.072
2022-08-05,14,9.126,0
2022-08-05,15,7.815,0
2022-08-05,16,3.92,0.004
2022-08-05,17,2.075,0
2022-08-05,18,0.202,0.128
2022-08-05,19,0,0.614
2022-08-05,20,0,1.156
2022-08-05,21,0,0.919
2022-08-05,22,0,0.776
2022-08-05,23,0,1.073
2022-08-06,0,0,1.038
2022-08-06,1,0,0.803
2022-08-06,2,0,0.522
2022-08-06,3,0,0.617
2022-08-06,4,0,0.54
2022-08-06,5,0,0.582
2022-08-06,6,0.004,0.41
2022-08-06,7,1.048,0.045
2022-08-06,8,3.539,0
2022-08-06,9,5.221,0.002
2022-08-06,10,7.335,0
2022-08-06,11,8.589,0
2022-08-06,12,8.151,0
2022-08-06,13,8.11,0
2022-08-06,14,7.494,0
2022-08-06,15,5.31,0.103
2022-08-06,16,2.899,0
2022-08-06,17,1.864,0.013
2022-08-06,18,0.109,0.335
2022-08-06,19,0,3.092
2022-08-06,20,0,0.936
2022-08-06,21,0,1.43
2022-08-06,22,0,0.639
2022-08-06,23,0,1.009
2022-08-07,0,0,0.546
2022-08-07,1,0,0.562
2022-08-07,2,0,0.49
2022-08-07,3,0,0.583
2022-08-07,4,0,0.514
2022-08-07,5,0,0.789
2022-08-07,6,0.005,0.357
2022-08-07,7,1.033,0.017
2022-08-07,8,2.81,0.02
2022-08-07,9,5.588,0
2022-08-07,10,7.842,0
2022-08-07,11,8.871,0
2022-08-07,12,8.899,0
2022-08-07,13,8.396,0
2022-08-07,14,6.671,0
2022-08-07,15,7.078,0
2022-08-07,16,3.578,0.005
2022-08-07,17,0.308,0.346
2022-08-07,18,0.221,0.683
2022-08-07,19,0,1.941
2022-08-07,20,0,4.14
2022-08-07,21,0,1.622
2022-08-07,22,0,0.693
2022-08-07,23,0,0.921
2022-08-08,0,0,1.039
2022-08-08,1,0,0.522
2022-08-08,2,0,0.931
2022-08-08,3,0,0.57
2022-08-08,4,0,0.618
2022-08-08,5,0,0.847
2022-08-08,6,0.004,0.753
2022-08-08,7,0.973,0.86
2022-08-08,8,3.282,0
2022-08-08,9,4.61,0
2022-08-08,10,7.415,0
2022-08-08,11,6.713,0
2022-08-08,12,8.848,0
2022-08-08,13,7.941,0
2022-08-08,14,7.613,0
2022-08-08,15,7.124,0
2022-08-08,16,2.243,0
2022-08-08,17,1.026,0.892
2022-08-08,18,0,2.183
2022-08-08,19,0,0.307
2022-08-08,20,0,0.538
2022-08-08,21,0,1.572
2022-08-08,22,0,0.653
2022-08-08,23,0,0.924
2022-08-09,0,0,0.497
2022-08-09,1,0,0.546
2022-08-09,2,0,1.415
2022-08-09,3,0,0.517
2022-08-09,4,0,0.512
2022-08-09,5,0,0.846
2022-08-09,6,0.015,0.31
2022-08-09,7,1.014,0.015
2022-08-09,8,3.117,0.003
2022-08-09,9,4.912,0
2022-08-09,10,6.833,0
2022-08-09,11,3.902,0
2022-08-09,12,1.247,0.074
2022-08-09,13,1.205,0
2022-08-09,14,1.614,0
2022-08-09,15,0.846,0.019
2022-08-09,16,2.73,0.001
2022-08-09,17,0.503,0.324
2022-08-09,18,0.267,0.413
2022-08-09,19,0,2.362
2022-08-09,20,0,0.571
2022-08-09,21,0,0.605
2022-08-09,22,0,0.564
2022-08-09,23,0,1.006
2022-08-10,0,0,1.043
2022-08-10,1,0,0.5
2022-08-10,2,0,0.56
2022-08-10,3,0,0.512
2022-08-10,4,0,0.536
2022-08-10,5,0,0.697
2022-08-10,6,0,0.597
2022-08-10,7,0.107,0.663
2022-08-10,8,1.193,0.046
2022-08-10,9,0.248,0.159
2022-08-10,10,0.92,0.235
2022-08-10,11,2.24,0.054
2022-08-10,12,7.156,0
2022-08-10,13,6.031,0
2022-08-10,14,6.821,0
2022-08-10,15,6.9,0
2022-08-10,16,3.037,0
2022-08-10,17,1.634,0.206
2022-08-10,18,0.038,1.264
2022-08-10,19,0,0.493
2022-08-10,20,0,1.895
2022-08-10,21,0,0.579
2022-08-10,22,0,0.555
2022-08-10,23,0,0.52
2022-08-11,0,0,0.511
2022-08-11,1,0,0.528
2022-08-11,2,0,0.489
2022-08-11,3,0,0.547
2022-08-11,4,0,0.508
2022-08-11,5,0,0.681
2022-08-11,6,0,0.477
2022-08-11,7,1.008,0.015
2022-08-11,8,2.825,0.002
2022-08-11,9,4.676,0
2022-08-11,10,6.867,0
2022-08-11,11,5.155,0
2022-08-11,12,6.888,0
2022-08-11,13,8.834,0
2022-08-11,14,6.17,0.021
2022-08-11,15,5.011,0
2022-08-11,16,2.164,0
2022-08-11,17,0.746,0.952
2022-08-11,18,0,1.363
2022-08-11,19,0,1.754
2022-08-11,20,0,0.627
2022-08-11,21,0,1.443
2022-08-11,22,0,0.583
2022-08-11,23,0,0.508
2022-08-12,0,0,0.544
2022-08-12,1,0,0.478
2022-08-12,2,0,0.958
2022-08-12,3,0,0.599
2022-08-12,4,0,0.492
2022-08-12,5,0,0.707
2022-08-12,6,0.003,0.43
2022-08-12,7,0.902,0.022
2022-08-12,8,3.405,0
2022-08-12,9,4.288,0
2022-08-12,10,7.043,0
2022-08-12,11,5.282,0.033
2022-08-12,12,8.558,0
2022-08-12,13,8.541,0
2022-08-12,14,8.281,0
2022-08-12,15,4.395,0
2022-08-12,16,3.236,0
2022-08-12,17,1.505,0.031
2022-08-12,18,0.141,0.701
2022-08-12,19,0,0.371
2022-08-12,20,0,1.249
2022-08-12,21,0,1.396
2022-08-12,22,0,0.808
2022-08-12,23,0,0.92
2022-08-13,0,0,0.883
2022-08-13,1,0,0.481
2022-08-13,2,0,0.446
2022-08-13,3,0,0.465
2022-08-13,4,0,0.435
2022-08-13,5,0,0.485
2022-08-13,6,0.005,0.185
2022-08-13,7,1.117,0.001
2022-08-13,8,3.008,0
2022-08-13,9,5.628,0
2022-08-13,10,3.434,0
2022-08-13,11,5.825,0
2022-08-13,12,3.962,0
2022-08-13,13,9.126,0
2022-08-13,14,6.584,0
2022-08-13,15,6.952,0
2022-08-13,16,2.925,0
2022-08-13,17,1.906,0.079
2022-08-13,18,0.154,0.377
2022-08-13,19,0,0.341
2022-08-13,20,0,0.752
2022-08-13,21,0,0.787
2022-08-13,22,0,0.495
2022-08-13,23,0,1.108
2022-08-14,0,0,0.97
2022-08-14,1,0,0.581
2022-08-14,2,0,0.446
2022-08-14,3,0,0.901
2022-08-14,4,0,0.479
2022-08-14,5,0,0.417
2022-08-14,6,0.02,0.325
2022-08-14,7,1.069,0
2022-08-14,8,3.677,0
2022-08-14,9,5.636,0
2022-08-14,10,7.849,0
2022-08-14,11,8.95,0
2022-08-14,12,8.934,0
2022-08-14,13,9.747,0
2022-08-14,14,8.938,0
2022-08-14,15,6.414,0
2022-08-14,16,1.797,0.058
2022-08-14,17,1.374,0.266
2022-08-14,18,0.327,0.211
2022-08-14,19,0.001,0.588
2022-08-14,20,0,0.922
2022-08-14,21,0,0.857
2022-08-14,22,0,0.497
2022-08-14,23,0,0.871
2022-08-15,0,0,0.489
2022-08-15,1,0,0.454
2022-08-15,2,0,0.446
2022-08-15,3,0,0.462
2022-08-15,4,0,0.439
2022-08-15,5,0,0.447
2022-08-15,6,0.005,0.772
2022-08-15,7,0.23,0.037
2022-08-15,8,2.283,0.005
2022-08-15,9,5.767,0
2022-08-15,10,7.203,0
2022-08-15,11,8.446,0
2022-08-15,12,8.449,0
2022-08-15,13,9.215,0
2022-08-15,14,8.574,0
2022-08-15,15,4.783,0
2022-08-15,16,3.425,0
2022-08-15,17,1.434,0.631
2022-08-15,18,0.044,0.659
2022-08-15,19,0,0.907
2022-08-15,20,0,1.5
2022-08-15,21,0,1.978
2022-08-15,22,0,0.663
2022-08-15,23,0,1.291
2022-08-16,0,0,1.062
2022-08-16,1,0,0.44
2022-08-16,2,0,0.446
2022-08-16,3,0,0.493
2022-08-16,4,0,0.432
2022-08-16,5,0,0.446
2022-08-16,6,0.009,0.327
2022-08-16,7,0.918,0.271
2022-08-16,8,3.065,0
2022-08-16,9,5.575,0
2022-08-16,10,7.186,0
2022-08-16,11,8.782,0
2022-08-16,12,9.327,0
2022-08-16,13,9.203,0
2022-08-16,14,8.501,0
2022-08-16,15,6.746,0
2022-08-16,16,3.33,0
2022-08-16,17,0.027,1.166
2022-08-16,18,0.079,1.141
2022-08-16,19,0,0.395
2022-08-16,20,0,0.877
2022-08-16,21,0,0.821
2022-08-16,22,0,0.523
2022-08-16,23,0,1.849
2022-08-17,0,0,0.939
2022-08-17,1,0,1.517
2022-08-17,2,0,0.483
2022-08-17,3,0,0.541
2022-08-17,4,0,0.54
2022-08-17,5,0,0.475
2022-08-17,6,0.004,0.305
2022-08-17,7,0.887,0.023
2022-08-17,8,3.425,0.001
2022-08-17,9,5.643,0
2022-08-17,10,7.492,0
2022-08-17,11,7.315,0
2022-08-17,12,9.309,0
2022-08-17,13,9.375,0
2022-08-17,14,8.653,0
2022-08-17,15,6.514,0
2022-08-17,16,3.418,0
2022-08-17,17,1.668,0.127
2022-08-17,18,0,3.353
2022-08-17,19,0,2.928
2022-08-17,20,0,1.221
2022-08-17,21,0,0.904
2022-08-17,22,0,0.7
2022-08-17,23,0,0.83
2022-08-18,0,0,0.971
2022-08-18,1,0,1.258
2022-08-18,2,0,0.694
2022-08-18,3,0,0.597
2022-08-18,4,0,0.418
2022-08-18,5,0,0.477
2022-08-18,6,0,0.304
2022-08-18,7,0.928,0.41
2022-08-18,8,2.941,0
2022-08-18,9,5.132,0
2022-08-18,10,6.831,0
2022-08-18,11,7.875,0
2022-08-18,12,8.307,0
2022-08-18,13,6.334,0
2022-08-18,14,2.666,0.015
2022-08-18,15,0.837,0.312
2022-08-18,16,1.303,0.2
2022-08-18,17,0.461,0.271
2022-08-18,18,0.382,0.235
2022-08-18,19,0,0.489
2022-08-18,20,0,0.751
2022-08-18,21,0,2.727
2022-08-18,22,0,1.931
2022-08-18,23,0,0.896
2022-08-19,0,0,1.27
2022-08-19,1,0,0.455
2022-08-19,2,0,0.462
2022-08-19,3,0,0.741
2022-08-19,4,0,0.452
2022-08-19,5,0,0.479
2022-08-19,6,0.007,0.295
2022-08-19,7,0.934,0.004
2022-08-19,8,1.749,0.001
2022-08-19,9,3.018,0
2022-08-19,10,1.664,0.414
2022-08-19,11,2.882,0.225
2022-08-19,12,3.191,0.09
2022-08-19,13,2.733,0
2022-08-19,14,3.16,0.001
2022-08-19,15,4.129,0
2022-08-19,16,1.974,0.121
2022-08-19,17,0.333,1.48
2022-08-19,18,0,1.911
2022-08-19,19,0,0.588
2022-08-19,20,0,0.585
2022-08-19,21,0,0.481
2022-08-19,22,0,0.951
2022-08-19,23,0,2.059
2022-08-20,0,0,1.041
2022-08-20,1,0,0.441
2022-08-20,2,0,0.897
2022-08-20,3,0,0.497
2022-08-20,4,0,0.625
2022-08-20,5,0,0.65
2022-08-20,6,0.001,0.445
2022-08-20,7,0.33,0.118
2022-08-20,8,2.449,0
2022-08-20,9,3.132,0.006
2022-08-20,10,2.423,0
2022-08-20,11,2.861,0
2022-08-20,12,8.487,0
2022-08-20,13,6.982,0
2022-08-20,14,5.385,0
2022-08-20,15,1.633,0.001
2022-08-20,16,2.342,0.027
2022-08-20,17,0.024,1.47
2022-08-20,18,0.076,0.869
2022-08-20,19,0,0.473
2022-08-20,20,0,2.072
2022-08-20,21,0,0.642
2022-08-20,22,0,0.978
2022-08-20,23,0,1.191
2022-08-21,0,0,0.505
2022-08-21,1,0,0.551
2022-08-21,2,0,0.536
2022-08-21,3,0,0.534
2022-08-21,4,0,0.529
2022-08-21,5,0,1.406
2022-08-21,6,0.002,0.628
2022-08-21,7,0.397,0.485
2022-08-21,8,2.355,0.001
2022-08-21,9,4.033,0
2022-08-21,10,2.174,0
2022-08-21,11,5.943,0
2022-08-21,12,8.643,0
2022-08-21,13,7.561,0
2022-08-21,14,5.972,0
2022-08-21,15,3.547,0.008
2022-08-21,16,1.718,0
2022-08-21,17,0.71,0.127
2022-08-21,18,0.111,1.83
2022-08-21,19,0,1.956
2022-08-21,20,0,1.674
2022-08-21,21,0,2.247
2022-08-21,22,0,2.362
2022-08-21,23,0,0.508
2022-08-22,0,0,0.534
2022-08-22,1,0,0.679
2022-08-22,2,0,1.641
2022-08-22,3,0,0.693
2022-08-22,4,0,0.513
2022-08-22,5,0,0.526
2022-08-22,6,0,0.598
2022-08-22,7,0.627,0.069
2022-08-22,8,1.843,0.001
2022-08-22,9,4.412,0
2022-08-22,10,6.247,0
2022-08-22,11,4.144,0
2022-08-22,12,4.543,0
2022-08-22,13,1.926,0.108
2022-08-22,14,1.054,0.497
2022-08-22,15,0.629,0.129
2022-08-22,16,1.903,0.054
2022-08-22,17,0.038,0.579
2022-08-22,18,0,0.496
2022-08-22,19,0,0.554
2022-08-22,20,0,1.153
2022-08-22,21,0,1.097
2022-08-22,22,0,1.185
2022-08-22,23,0,0.609
2022-08-23,0,0,0.565
2022-08-23,1,0,0.539
2022-08-23,2,0,0.5
2022-08-23,3,0,0.529
2022-08-23,4,0,0.936
2022-08-23,5,0,0.486
2022-08-23,6,0.014,0.478
2022-08-23,7,0.832,0.021
2022-08-23,8,1.808,0.001
2022-08-23,9,2.276,0
2022-08-23,10,3.019,0
2022-08-23,11,4.746,0
2022-08-23,12,5.699,0
2022-08-23,13,5.967,0
2022-08-23,14,7.966,0
2022-08-23,15,5.661,0
2022-08-23,16,3.158,0
2022-08-23,17,0.153,0.043
2022-08-23,18,0.007,1.379
2022-08-23,19,0,1.285
2022-08-23,20,0,0.584
2022-08-23,21,0,0.564
2022-08-23,22,0,0.592
2022-08-23,23,0,0.538
2022-08-24,0,0,0.512
2022-08-24,1,0,0.551
2022-08-24,2,0,0.512
2022-08-24,3,0,0.514
2022-08-24,4,0,0.537
2022-08-24,5,0,0.494
2022-08-24,6,0,0.572
2022-08-24,7,0.784,0.026
2022-08-24,8,2.861,0.017
2022-08-24,9,4.972,0
2022-08-24,10,7.344,0
2022-08-24,11,8.493,0
2022-08-24,12,9.065,0
2022-08-24,13,8.251,0
2022-08-24,14,5.599,0
2022-08-24,15,5.455,0
2022-08-24,16,2.226,0.012
2022-08-24,17,1.305,0.577
2022-08-24,18,0.296,1.061
2022-08-24,19,0,1.031
2022-08-24,20,0,0.615
2022-08-24,21,0,0.617
2022-08-24,22,0,0.639
2022-08-24,23,0,0.787
2022-08-25,0,0,0.725
2022-08-25,1,0,0.689
2022-08-25,2,0,0.516
2022-08-25,3,0,0.544
2022-08-25,4,0,0.502
2022-08-25,5,0,0.553
2022-08-25,6,0,0.733
2022-08-25,7,0.742,0.058
2022-08-25,8,2.084,0.035
2022-08-25,9,5.126,0.002
2022-08-25,10,5.167,0
2022-08-25,11,7.243,0
2022-08-25,12,9.346,0
2022-08-25,13,5.512,0.007
2022-08-25,14,6.641,0
2022-08-25,15,1.858,0.145
2022-08-25,16,1.473,0.011
2022-08-25,17,1.211,0.104
2022-08-25,18,0.374,0.255
2022-08-25,19,0.022,2.263
2022-08-25,20,0,1.147
2022-08-25,21,0,1.166
2022-08-25,22,0,1.475
2022-08-25,23,0,1.01
2022-08-26,0,0,0.575
2022-08-26,1,0,0.553
2022-08-26,2,0,0.542
2022-08-26,3,0,0.572
2022-08-26,4,0,1.38
2022-08-26,5,0,0.746
2022-08-26,6,0.01,0.347
2022-08-26,7,0.396,0.059
2022-08-26,8,1.772,0.113
2022-08-26,9,2.575,0.375
2022-08-26,10,6.796,0
2022-08-26,11,8.342,0
2022-08-26,12,8.409,0
2022-08-26,13,7.676,0
2022-08-26,14,6.111,0
2022-08-26,15,4.626,0
2022-08-26,16,2.453,0.198
2022-08-26,17,0.023,0.918
2022-08-26,18,0.077,0.108
2022-08-26,19,0,3.171
2022-08-26,20,0,2.204
2022-08-26,21,0,4.069
2022-08-26,22,0,0.77
2022-08-26,23,0,0.641
2022-08-27,0,0,0.558
2022-08-27,1,0,0.546
2022-08-27,2,0,0.509
2022-08-27,3,0,0.936
2022-08-27,4,0,0.548
2022-08-27,5,0,0.664
2022-08-27,6,0,0.61
2022-08-27,7,0,0.57
2022-08-27,8,0.024,0.739
2022-08-27,9,0.63,0.122
2022-08-27,10,1.562,0.034
2022-08-27,11,2.952,0
2022-08-27,12,3.352,0.096
2022-08-27,13,2.77,0.078
2022-08-27,14,2.221,0
2022-08-27,15,1.639,0.04
2022-08-27,16,0.65,0.118
2022-08-27,17,0.565,0.284
2022-08-27,18,0.004,1.906
2022-08-27,19,0,0.667
2022-08-27,20,0,1.815
2022-08-27,21,0,0.671
2022-08-27,22,0,0.649
2022-08-27,23,0,0.961
2022-08-28,0,0,0.542
2022-08-28,1,0,0.534
2022-08-28,2,0,0.536
2022-08-28,3,0,0.528
2022-08-28,4,0,0.501
2022-08-28,5,0,0.729
2022-08-28,6,0,0.475
2022-08-28,7,0.542,0.118
2022-08-28,8,1.826,0.391
2022-08-28,9,3.4,0.043
2022-08-28,10,7.389,0
2022-08-28,11,7.084,0.01
2022-08-28,12,9.65,0
2022-08-28,13,9.35,0
2022-08-28,14,8.321,0
2022-08-28,15,6.044,0
2022-08-28,16,2.541,0
2022-08-28,17,1.361,0.028
2022-08-28,18,0.01,1.589
2022-08-28,19,0,1.144
2022-08-28,20,0,1.282
2022-08-28,21,0,0.943
2022-08-28,22,0,1.134
2022-08-28,23,0,0.641
2022-08-29,0,0,0.552
2022-08-29,1,0,0.57
2022-08-29,2,0,0.606
2022-08-29,3,0,0.527
2022-08-29,4,0,0.565
2022-08-29,5,0,0.808
2022-08-29,6,0,0.583
2022-08-29,7,0.194,0.888
2022-08-29,8,1.872,0.097
2022-08-29,9,3.088,0
2022-08-29,10,5.657,0
2022-08-29,11,8.393,0
2022-08-29,12,7.9,0
2022-08-29,13,9.085,0
2022-08-29,14,8.297,0
2022-08-29,15,4.372,0.057
2022-08-29,16,2.387,0
2022-08-29,17,0.617,1.047
2022-08-29,18,0,3.299
2022-08-29,19,0,1.594
2022-08-29,20,0,3.539
2022-08-29,21,0,2.201
2022-08-29,22,0,0.677
2022-08-29,23,0,0.62
2022-08-30,0,0,0.826
2022-08-30,1,0,0.592
2022-08-30,2,0,0.573
2022-08-30,3,0,0.54
2022-08-30,4,0,0.543
2022-08-30,5,0,0.697
2022-08-30,6,0,0.53
2022-08-30,7,0.556,0.421
2022-08-30,8,2.574,0.014
2022-08-30,9,5.199,0
2022-08-30,10,7.07,0
2022-08-30,11,8.489,0
2022-08-30,12,8.876,0
2022-08-30,13,7.471,0
2022-08-30,14,7.721,0
2022-08-30,15,3.589,0
2022-08-30,16,1.717,0.339
2022-08-30,17,0,2.918
2022-08-30,18,0,1.787
2022-08-30,19,0,1.968
2022-08-30,20,0,3.057
2022-08-30,21,0,0.782
2022-08-30,22,0,1.495
2022-08-30,23,0,0.575
2022-08-31,0,0,0.506
2022-08-31,1,0,0.568
2022-08-31,2,0,0.543
2022-08-31,3,0,0.534
2022-08-31,4,0,0.551
2022-08-31,5,0,0.895
2022-08-31,6,0,0.883
2022-08-31,7,0.333,0.311
2022-08-31,8,1.962,0.056
2022-08-31,9,2.097,0.028
2022-08-31,10,2.721,0
2022-08-31,11,1.922,0.023
2022-08-31,12,5.662,0.092
2022-08-31,13,4.976,0.011
2022-08-31,14,6.472,0
2022-08-31,15,2.229,0.004
2022-08-31,16,0.231,0.931
2022-08-31,17,0.02,0.3
2022-08-31,18,0.002,1.581
2022-09-01,0,0,0.69
2022-09-01,1,0,0.892
2022-09-01,2,0,0.504
2022-09-01,3,0,0.522
2022-09-01,4,0,1.524
2022-09-01,5,0,0.728
2022-09-01,6,0,0.503
2022-09-01,7,0.35,0.247
2022-09-01,8,1.396,0.51
2022-09-01,9,3.982,0
2022-09-01,10,6.522,0
2022-09-01,11,8.046,0
2022-09-01,12,7.678,0
2022-09-01,13,7.811,0
2022-09-01,14,7.755,0
2022-09-01,15,5.255,0
2022-09-01,16,0.113,0.432
2022-09-01,17,0.223,0.587
2022-09-01,18,0.025,0.807
2022-09-01,19,0,1.86
2022-09-01,20,0,2.331
2022-09-01,21,0,3.315
2022-09-01,22,0,0.732
2022-09-01,23,0,1.401
2022-09-02,0,0,0.906
2022-09-02,1,0,0.508
2022-09-02,2,0,0.562
2022-09-02,3,0,0.48
2022-09-02,4,0,0.568
2022-09-02,5,0,0.747
2022-09-02,6,0,0.546
2022-09-02,7,0.336,0.128
2022-09-02,8,1.952,0.239
2022-09-02,9,5.09,0
2022-09-02,10,6.962,0
2022-09-02,11,7.1,0
2022-09-02,12,8.7,0
2022-09-02,13,8.393,0
2022-09-02,14,6.095,0
2022-09-02,15,4.015,0
2022-09-02,16,0.758,0.402
2022-09-02,17,0,0.93
2022-09-02,18,0,4.165
2022-09-02,19,0,1.609
2022-09-02,20,0,1.408
2022-09-02,21,0,2.76
2022-09-02,22,0,1.366
2022-09-02,23,0,1.458
2022-09-03,0,0,0.559
2022-09-03,1,0,0.526
2022-09-03,2,0,0.568
2022-09-03,3,0,0.869
2022-09-03,4,0,0.525
2022-09-03,5,0,0.794
2022-09-03,6,0,0.521
2022-09-03,7,0.418,0.11
2022-09-03,8,1.79,0.034
2022-09-03,9,4.324,0
2022-09-03,10,4.507,0
2022-09-03,11,5.784,0
2022-09-03,12,3.369,0.214
2022-09-03,13,3.94,0
2022-09-03,14,4.415,0
2022-09-03,15,3.149,0
2022-09-03,16,0.325,1.226
2022-09-03,17,0.055,1.772
2022-09-03,18,0,4.86
2022-09-03,19,0,2.329
2022-09-03,20,0,1.419
2022-09-03,21,0,2.245
2022-09-03,22,0,2.738
2022-09-03,23,0,0.723
2022-09-04,0,0,0.637
2022-09-04,1,0,0.592
2022-09-04,2,0,0.599
2022-09-04,3,0,0.605
2022-09-04,4,0,0.572
2022-09-04,5,0,0.561
2022-09-04,6,0,0.783
2022-09-04,7,0.319,0.17
2022-09-04,8,1.727,0.002
2022-09-04,9,3.054,0
2022-09-04,10,5.849,0
2022-09-04,11,5.647,0
2022-09-04,12,5.151,0
2022-09-04,13,2.583,0.092
2022-09-04,14,0.616,0.468
2022-09-04,15,0.491,0.683
2022-09-04,16,0.52,1.417
2022-09-04,17,0.037,2.72
2022-09-04,18,0,1.118
2022-09-04,19,0,0.896
2022-09-04,20,0,0.68
2022-09-04,21,0,1.606
2022-09-04,22,0,1.476
2022-09-04,23,0,1.659
2022-09-05,0,0,0.62
2022-09-05,1,0,0.698
2022-09-05,2,0,0.604
2022-09-05,3,0,1.134
2022-09-05,4,0,0.561
2022-09-05,5,0,0.58
2022-09-05,6,0,0.792
2022-09-05,7,0.154,0.467
2022-09-05,8,2.36,0.063
2022-09-05,9,5.18,0
2022-09-05,10,7.276,0
2022-09-05,11,9.337,0
2022-09-05,12,9.551,0
2022-09-05,13,7.609,0
2022-09-05,14,7.8,0
2022-09-05,15,5.093,0
2022-09-05,16,0.478,1.785
2022-09-05,17,0.532,0.091
2022-09-05,18,0.03,1.128
2022-09-05,19,0,2.45
2022-09-05,20,0,1.252
2022-09-05,21,0,1.151
2022-09-05,22,0,0.589
2022-09-05,23,0,0.562
2022-09-06,0,0,0.52
2022-09-06,1,0,0.555
2022-09-06,2,0,0.524
2022-09-06,3,0,0.509
2022-09-06,4,0,0.544
2022-09-06,5,0,1.136
2022-09-06,6,0,0.736
2022-09-06,7,0.34,0.44
2022-09-06,8,2.704,0
2022-09-06,9,5.059,0
2022-09-06,10,6.622,0
2022-09-06,11,8.413,0
2022-09-06,12,8.924,0
2022-09-06,13,8.924,0
2022-09-06,14,8.036,0
2022-09-06,15,5.282,0
2022-09-06,16,1.906,0
2022-09-06,17,0.598,1.039
2022-09-06,18,0.058,0.45
2022-09-06,19,0,1.431
2022-09-06,20,0,1.433
2022-09-06,21,0,0.974
2022-09-06,22,0,0.736
2022-09-06,23,0,0.563
2022-09-07,0,0,0.616
2022-09-07,1,0,0.585
2022-09-07,2,0,0.592
2022-09-07,3,0,0.546
2022-09-07,4,0,0.538
2022-09-07,5,0,0.785
2022-09-07,6,0,0.772
2022-09-07,7,0.073,0.808
2022-09-07,8,1.641,0.006
2022-09-07,9,1.267,0.408
2022-09-07,10,3.245,0
2022-09-07,11,6.552,0
2022-09-07,12,9.592,0
2022-09-07,13,9.461,0
2022-09-07,14,8.348,0
2022-09-07,15,6.089,0
2022-09-07,16,1.861,0
2022-09-07,17,0.871,0.001
2022-09-07,18,0.006,0.308
2022-09-07,19,0,0.804
2022-09-07,20,0,1.503
2022-09-07,21,0,0.746
2022-09-07,22,0,0.644
2022-09-07,23,0,0.962
2022-09-08,0,0,0.548
2022-09-08,1,0,0.536
2022-09-08,2,0,0.477
2022-09-08,3,0,0.548
2022-09-08,4,0,0.527
2022-09-08,5,0,0.734
2022-09-08,6,0,0.623
2022-09-08,7,0.318,0.679
2022-09-08,8,2.447,0.009
2022-09-08,9,3.677,0.016
2022-09-08,10,6.713,0
2022-09-08,11,4.225,0
2022-09-08,12,7.28,0
2022-09-08,13,8.661,0
2022-09-08,14,6.611,0
2022-09-08,15,1.094,0.836
2022-09-08,16,1.693,0.015
2022-09-08,17,0.932,0
2022-09-08,18,0.032,0.687
2022-09-08,19,0,3.888
2022-09-08,20,0,1.021
2022-09-08,21,0,1.182
2022-09-08,22,0,0.658
2022-09-08,23,0,0.611
2022-09-09,0,0,0.555
2022-09-09,1,0,0.55
2022-09-09,2,0,0.998
2022-09-09,3,0,0.538
2022-09-09,4,0,0.533
2022-09-09,5,0,0.827
2022-09-09,6,0,0.7
2022-09-09,7,0.213,0.743
2022-09-09,8,2.75,0.002
2022-09-09,9,5.539,0
2022-09-09,10,7.531,0
2022-09-09,11,8.796,0
2022-09-09,12,9.139,0
2022-09-09,13,7.774,0
2022-09-09,14,8.236,0
2022-09-09,15,4.37,0
2022-09-09,16,1.25,0.362
2022-09-09,17,0.779,0.441
2022-09-09,18,0,1.675
2022-09-09,19,0,0.989
2022-09-09,20,0,1.222
2022-09-09,21,0,1.21
2022-09-09,22,0,0.687
2022-09-09,23,0,0.975
2022-09-10,0,0,0.584
2022-09-10,1,0,0.601
2022-09-10,2,0,0.558
2022-09-10,3,0,0.585
2022-09-10,4,0,0.6
2022-09-10,5,0,0.949
2022-09-10,6,0,0.715
2022-09-10,7,0.38,0.166
2022-09-10,8,2.659,0
2022-09-10,9,5.3,0
2022-09-10,10,7.137,0
2022-09-10,11,8.253,0
2022-09-10,12,9.249,0
2022-09-10,13,8.74,0
2022-09-10,14,6.623,0
2022-09-10,15,5.526,0
2022-09-10,16,0.789,1.647
2022-09-10,17,0.377,0.122
2022-09-10,18,0,0.479
2022-09-10,19,0,0.703
2022-09-10,20,0,2.625
2022-09-10,21,0,4.048
2022-09-10,22,0,2.175
2022-09-10,23,0,0.703
2022-09-11,0,0,1.079
2022-09-11,1,0,0.586
2022-09-11,2,0,0.547
2022-09-11,3,0,0.88
2022-09-11,4,0,0.535
2022-09-11,5,0,0.801
2022-09-11,6,0,0.588
2022-09-11,7,0.157,0.269
2022-09-11,8,0.648,0.047
2022-09-11,9,0.357,1.215
2022-09-11,10,0.671,1.259
2022-09-11,11,0.452,1.529
2022-09-11,12,1.366,0.029
2022-09-11,13,2.831,0.742
2022-09-11,14,2.833,0
2022-09-11,15,2.809,0.027
2022-09-11,16,1.406,0
2022-09-11,17,0.591,0.331
2022-09-11,18,0.023,0.443
2022-09-11,19,0,1.213
2022-09-11,20,0,0.747
2022-09-11,21,0,0.782
2022-09-11,22,0,1.495
2022-09-11,23,0,0.666
2022-09-12,0,0,0.595
2022-09-12,1,0,0.639
2022-09-12,2,0,0.598
2022-09-12,3,0,0.554
2022-09-12,4,0,0.621
2022-09-12,5,0,0.835
2022-09-12,6,0,0.729
2022-09-12,7,0,1.256
2022-09-12,8,0,0.873
2022-09-12,9,0.327,0.061
2022-09-12,10,0.203,0.042
2022-09-12,11,0.207,0.005
2022-09-12,12,0.066,0.297
2022-09-12,13,0.146,0.277
2022-09-12,14,0.536,0.127
2022-09-12,15,0.598,0.04
2022-09-12,16,0.334,0.041
2022-09-12,17,0.037,0.564
2022-09-12,18,0,0.731
2022-09-12,19,0,0.931
2022-09-12,20,0,0.787
2022-09-12,21,0,1.379
2022-09-12,22,0,0.74
2022-09-12,23,0,0.617
2022-09-13,0,0,0.567
2022-09-13,1,0,0.532
2022-09-13,2,0,0.571
2022-09-13,3,0,0.539
2022-09-13,4,0,0.73
2022-09-13,5,0,0.84
2022-09-13,6,0,0.662
2022-09-13,7,0.004,0.84
2022-09-13,8,0.426,0.301
2022-09-13,9,1.107,0.126
2022-09-13,10,1.987,0
2022-09-13,11,5.018,0
2022-09-13,12,6.2,0
2022-09-13,13,5.952,0
2022-09-13,14,6.427,0
2022-09-13,15,3.149,0.781
2022-09-13,16,0.525,0.584
2022-09-13,17,0.199,2.044
2022-09-13,18,0,1.497
2022-09-13,19,0,0.803
2022-09-13,20,0,0.73
2022-09-13,21,0,0.78
2022-09-13,22,0,0.704
2022-09-13,23,0,1.606
2022-09-14,0,0,0.626
2022-09-14,1,0,0.643
2022-09-14,2,0,0.766
2022-09-14,3,0,0.894
2022-09-14,4,0,0.584
2022-09-14,5,0,0.905
2022-09-14,6,0,0.984
2022-09-14,7,0,0.871
2022-09-14,8,0,0.888
2022-09-14,9,0.432,1.008
2022-09-14,10,2.914,0
2022-09-14,11,1.88,0
2022-09-14,12,1.78,0
2022-09-14,13,0.912,0.052
2022-09-14,14,2.945,0.052
2022-09-14,15,2.336,0
2022-09-14,16,1.594,0
2022-09-14,17,0.594,0.458
2022-09-14,18,0,1.502
2022-09-14,19,0,1.038
2022-09-14,20,0,1.55
2022-09-14,21,0,0.843
2022-09-14,22,0,1.088
2022-09-14,23,0,1.003
2022-09-15,0,0,0.71
2022-09-15,1,0,0.603
2022-09-15,2,0,0.546
2022-09-15,3,0,0.659
2022-09-15,4,0,0.591
2022-09-15,5,0,0.844
2022-09-15,6,0,0.689
2022-09-15,7,0.137,0.663
2022-09-15,8,1.597,0.015
2022-09-15,9,3.326,0.036
2022-09-15,10,3.281,0
2022-09-15,11,6.281,0
2022-09-15,12,6.34,0
2022-09-15,13,5.314,0.003
2022-09-15,14,6.894,0
2022-09-15,15,4.567,0
2022-09-15,16,1.268,0
2022-09-15,17,0.204,0.097
2022-09-15,18,0.003,0.887
2022-09-15,19,0,3.13
2022-09-15,20,0,1.455
2022-09-15,21,0,1.011
2022-09-15,22,0,1.817
2022-09-15,23,0,1.403
2022-09-16,0,0,0.866
2022-09-16,1,0,0.651
2022-09-16,2,0,0.752
2022-09-16,3,0,0.628
2022-09-16,4,0,1.103
2022-09-16,5,0,0.858
2022-09-16,6,0,0.768
2022-09-16,7,0.002,2.266
2022-09-16,8,0.087,1.166
2022-09-16,9,0.546,0.83
2022-09-16,10,1.26,0
2022-09-16,11,3.155,0
2022-09-16,12,2.788,0.016
2022-09-16,13,0.076,0.223
2022-09-16,14,5.761,0.265
2022-09-16,15,1.998,0.913
2022-09-16,16,0.361,0.344
2022-09-16,17,0.58,0.049
2022-09-16,18,0.037,1.52
2022-09-16,19,0,1.213
2022-09-16,20,0,1.216
2022-09-16,21,0,1.115
2022-09-16,22,0,0.742
2022-09-16,23,0,0.628
2022-09-17,0,0,0.964
2022-09-17,1,0,0.564
2022-09-17,2,0,0.53
2022-09-17,3,0,0.548
2022-09-17,4,0,0.56
2022-09-17,5,0,0.789
2022-09-17,6,0,0.613
2022-09-17,7,0.08,0.214
2022-09-17,8,0.86,0.048
2022-09-17,9,2.375,0.05
2022-09-17,10,4.646,0
2022-09-17,11,3.862,0.139
2022-09-17,12,6.519,0.013
2022-09-17,13,7.869,0
2022-09-17,14,6.69,0
2022-09-17,15,5.059,0
2022-09-17,16,1.646,0.032
2022-09-17,17,0.429,0.962
2022-09-17,18,0.004,1.886
2022-09-17,19,0,1.284
2022-09-17,20,0,1.959
2022-09-17,21,0,0.766
2022-09-17,22,0,0.77
2022-09-17,23,0,0.666
2022-09-18,0,0,0.638
2022-09-18,1,0,0.631
2022-09-18,2,0,0.962
2022-09-18,3,0,0.607
2022-09-18,4,0,0.589
2022-09-18,5,0,0.875
2022-09-18,6,0,0.687
2022-09-18,7,0.002,0.816
2022-09-18,8,0.456,1.826
2022-09-18,9,0.74,0.65
2022-09-18,10,1.14,0.272
2022-09-18,11,4.769,0.226
2022-09-18,12,3.002,0
2022-09-18,13,1.839,0.622
2022-09-18,14,2.613,0.49
2022-09-18,15,4.102,0.004
2022-09-18,16,1.126,0.217
2022-09-18,17,0.451,0.002
2022-09-18,18,0,1.081
2022-09-18,19,0,1.687
2022-09-18,20,0,0.956
2022-09-18,21,0,0.733
2022-09-18,22,0,0.666
2022-09-18,23,0,0.534
2022-09-19,0,0,0.896
2022-09-19,1,0,0.482
2022-09-19,2,0,0.525
2022-09-19,3,0,0.5
2022-09-19,4,0,0.488
2022-09-19,5,0,0.813
2022-09-19,6,0,0.606
2022-09-19,7,0,2.87
2022-09-19,8,0.528,0.75
2022-09-19,9,0.562,0.105
2022-09-19,10,2,0.021
2022-09-19,11,0.641,1.558
2022-09-19,12,5.346,0.008
2022-09-19,13,5.761,0.008
2022-09-19,14,6.955,0.143
2022-09-19,15,5.732,0
2022-09-19,16,1.291,0
2022-09-19,17,0.726,0.288
2022-09-19,18,0,0.922
2022-09-19,19,0,1.315
2022-09-19,20,0,1.232
2022-09-19,21,0,0.849
2022-09-19,22,0,1.693
2022-09-19,23,0,0.784
2022-09-20,0,0,0.547
2022-09-20,1,0,0.533
2022-09-20,2,0,0.672
2022-09-20,3,0,0.531
2022-09-20,4,0,0.538
2022-09-20,5,0,0.777
2022-09-20,6,0,1.316
2022-09-20,7,0.022,1.37
2022-09-20,8,2.039,0.35
2022-09-20,9,4.743,0
2022-09-20,10,6.833,0
2022-09-20,11,6.558,0
2022-09-20,12,9.184,0
2022-09-20,13,8.854,0
2022-09-20,14,5.633,0
2022-09-20,15,5.166,0
2022-09-20,16,0.823,0.183
2022-09-20,17,0.346,0.034
2022-09-20,18,0,1.096
2022-09-20,19,0,1.352
2022-09-20,20,0,1.357
2022-09-20,21,0,0.839
2022-09-20,22,0,0.634
2022-09-20,23,0,0.674
2022-09-21,0,0,0.528
2022-09-21,1,0,0.497
2022-09-21,2,0,0.916
2022-09-21,3,0,0.523
2022-09-21,4,0,0.464
2022-09-21,5,0,0.769
2022-09-21,6,0,0.621
2022-09-21,7,0.262,0.695
2022-09-21,8,2.475,0.001
2022-09-21,9,3.705,0
2022-09-21,10,7.426,0
2022-09-21,11,8.714,0
2022-09-21,12,7.719,0
2022-09-21,13,7.212,0
2022-09-21,14,7.126,0
2022-09-21,15,5.229,0
2022-09-21,16,1.051,0.001
2022-09-21,17,0.37,0.029
2022-09-21,18,0,1.426
2022-09-21,19,0,0.803
2022-09-21,20,0,0.621
2022-09-21,21,0,1.215
2022-09-21,22,0,1.06
2022-09-21,23,0,0.951
2022-09-22,0,0,0.571
2022-09-22,1,0,0.559
2022-09-22,2,0,0.518
2022-09-22,3,0,0.54
2022-09-22,4,0,0.55
2022-09-22,5,0,0.789
2022-09-22,6,0,0.631
2022-09-22,7,0,0.978
2022-09-22,8,0.6,0.112
2022-09-22,9,1.032,0.093
2022-09-22,10,4.877,0.003
2022-09-22,11,4.519,0
2022-09-22,12,7.648,0
2022-09-22,13,9.476,0
2022-09-22,14,8.157,0
2022-09-22,15,5.045,0
2022-09-22,16,0.989,0.001
2022-09-22,17,0.205,1.017
2022-09-22,18,0,1.868
2022-09-22,19,0,1.189
2022-09-22,20,0,2.939
2022-09-22,21,0,1.369
2022-09-22,22,0,2.784
2022-09-22,23,0,0.548
2022-09-23,0,0,0.507
2022-09-23,1,0,0.517
2022-09-23,2,0,0.531
2022-09-23,3,0,0.456
2022-09-23,4,0,0.606
2022-09-23,5,0,1.088
2022-09-23,6,0,0.591
2022-09-23,7,0,0.839
2022-09-23,8,0.526,0.868
2022-09-23,9,1.023,1.218
2022-09-23,10,1.03,0.983
2022-09-23,11,0.333,1.93
2022-09-23,12,2.221,0.173
2022-09-23,13,2.711,0
2022-09-23,14,1.315,0
2022-09-23,15,0.008,0.14
2022-09-23,16,0.008,1.288
2022-09-23,17,0,4.088
2022-09-23,18,0,2.129
2022-09-23,19,0,0.812
2022-09-23,20,0,0.704
2022-09-23,21,0,0.675
2022-09-23,22,0,1.059
2022-09-23,23,0,1.13
2022-09-24,0,0,2.325
2022-09-24,1,0,0.523
2022-09-24,2,0,0.529
2022-09-24,3,0,0.471
2022-09-24,4,0,0.489
2022-09-24,5,0,1.146
2022-09-24,6,0,0.583
2022-09-24,7,0.273,0.22
2022-09-24,8,2.451,0
2022-09-24,9,1.182,0.229
2022-09-24,10,6.109,0.123
2022-09-24,11,6.286,0
2022-09-24,12,8.372,0
2022-09-24,13,6.607,0
2022-09-24,14,7.389,0
2022-09-24,15,4.1,0
2022-09-24,16,1.306,0
2022-09-24,17,0.312,0.618
2022-09-24,18,0,2.883
2022-09-24,19,0,0.963
2022-09-24,20,0,2.901
2022-09-24,21,0,1.586
2022-09-24,22,0,0.675
2022-09-24,23,0,1.057
2022-09-25,0,0,0.658
2022-09-25,1,0,0.53
2022-09-25,2,0,0.571
2022-09-25,3,0,1.49
2022-09-25,4,0,0.562
2022-09-25,5,0,0.797
2022-09-25,6,0,0.638
2022-09-25,7,0.12,0.748
2022-09-25,8,0.324,0.529
2022-09-25,9,4.132,0.136
2022-09-25,10,4.716,0
2022-09-25,11,7.964,0
2022-09-25,12,7.441,0
2022-09-25,13,5.389,0
2022-09-25,14,5.436,0
2022-09-25,15,4.686,0
2022-09-25,16,0.493,1.859
2022-09-25,17,0.071,1.273
2022-09-25,18,0,1.628
2022-09-25,19,0,1.296
2022-09-25,20,0,1.361
2022-09-25,21,0,1.518
2022-09-25,22,0,1.197
2022-09-25,23,0,0.653
2022-09-26,0,0,0.53
2022-09-26,1,0,0.566
2022-09-26,2,0,0.542
2022-09-26,3,0,0.514
2022-09-26,4,0,0.539
2022-09-26,5,0,0.83
2022-09-26,6,0,1.008
2022-09-26,7,0.147,0.942
2022-09-26,8,1.853,0.015
2022-09-26,9,4.186,0
2022-09-26,10,4.609,0
2022-09-26,11,6.403,0
2022-09-26,12,5.574,0.006
2022-09-26,13,4.333,0
2022-09-26,14,3.386,0
2022-09-26,15,2.253,0
2022-09-26,16,0.223,1.15
2022-09-26,17,0.146,0.278
2022-09-26,18,0,0.757
2022-09-26,19,0,1.792
2022-09-26,20,0,1.236
2022-09-26,21,0,0.923
2022-09-26,22,0,1.002
2022-09-26,23,0,0.993
2022-09-27,0,0,0.555
2022-09-27,1,0,0.596
2022-09-27,2,0,0.552
2022-09-27,3,0,0.53
2022-09-27,4,0,0.954
2022-09-27,5,0,1.997
2022-09-27,6,0,3.43
2022-09-27,7,0.074,0.824
2022-09-27,8,1.981,0.078
2022-09-27,9,3.835,0.001
2022-09-27,10,6.437,0
2022-09-27,11,7.169,0
2022-09-27,12,5.861,0
2022-09-27,13,8.053,0
2022-09-27,14,7.137,0
2022-09-27,15,4.183,0
2022-09-27,16,0.296,0.021
2022-09-27,17,0.291,0.034
2022-09-27,18,0,0.837
2022-09-27,19,0,0.754
2022-09-27,20,0,1.565
2022-09-27,21,0,1.272
2022-09-27,22,0,0.677
2022-09-27,23,0,0.567
2022-09-28,0,0,0.591
2022-09-28,1,0,0.556
2022-09-28,2,0,0.54
2022-09-28,3,0,0.566
2022-09-28,4,0,0.548
2022-09-28,5,0,0.786
2022-09-28,6,0,0.603
2022-09-28,7,0.002,0.713
2022-09-28,8,0.946,0.086
2022-09-28,9,1.523,0.212
2022-09-28,10,4.488,0
2022-09-28,11,5.451,0
2022-09-28,12,5.637,0
2022-09-28,13,5.35,0.033
2022-09-28,14,4.769,0
2022-09-28,15,1.703,1.148
2022-09-28,16,0.016,1.763
2022-09-28,17,0,0.736
2022-09-28,18,0,0.821
2022-09-28,19,0,1.167
2022-09-28,20,0,2.937
2022-09-28,21,0,2.204
2022-09-28,22,0,1.159
2022-09-28,23,0,2.597
2022-09-29,0,0,0.592
2022-09-29,1,0,1.35
2022-09-29,2,0,1.297
2022-09-29,3,0,1.243
2022-09-29,4,0,1.148
2022-09-29,5,0,1.107
2022-09-29,6,0,0.804
2022-09-29,7,0,1.55
2022-09-29,8,0,2.185
2022-09-29,9,0.033,1.733
2022-09-29,10,0.418,0.304
2022-09-29,11,1.038,0.021
2022-09-29,12,0.762,0.039
2022-09-29,13,0.722,0.006
2022-09-29,14,0.796,0.077
2022-09-29,15,0.731,0.085
2022-09-29,16,0.138,0.604
2022-09-29,17,0,2.836
2022-09-29,18,0,4.021
2022-09-29,19,0,2.281
2022-09-29,20,0,1.639
2022-09-29,21,0,4.12
2022-09-29,22,0,1.45
2022-09-29,23,0,1.725
2022-09-30,0,0,0.749
2022-09-30,1,0,0.537
2022-09-30,2,0,0.542
2022-09-30,3,0,1.062
2022-09-30,4,0,0.828
2022-09-30,5,0,0.847
2022-09-30,6,0,0.934
2022-09-30,7,0.094,0.455
2022-09-30,8,1.269,0.143
2022-09-30,9,3.249,0.03
2022-09-30,10,6.008,0
2022-09-30,11,7.586,0
2022-09-30,12,5.962,0
2022-09-30,13,7.767,0
2022-09-30,14,5.487,0
2022-09-30,15,3.839,0
2022-09-30,16,0.481,0.034
2022-09-30,17,0.022,1.333
2022-09-30,18,0,0.655
2022-09-30,19,0,0.947
2022-09-30,20,0,1.487
2022-09-30,21,0,1.471
2022-09-30,22,0,1.16
2022-09-30,23,0,0.896
2022-10-01,0,0,0.788
2022-10-01,1,0,0.72
2022-10-01,2,0,0.539
2022-10-01,3,0,0.534
2022-10-01,4,0,0.561
2022-10-01,5,0,0.86
2022-10-01,6,0,0.848
2022-10-01,7,0.143,0.365
2022-10-01,8,1.666,0.01
2022-10-01,9,1.256,0.14
2022-10-01,10,2.991,0.001
2022-10-01,11,6.488,0
2022-10-01,12,4.421,0
2022-10-01,13,5.853,0
2022-10-01,14,5.559,0
2022-10-01,15,4.168,0
2022-10-01,16,0.297,1.175
2022-10-01,17,0.016,1.676
2022-10-01,18,0,0.756
2022-10-01,19,0,0.854
2022-10-01,20,0,0.836
2022-10-01,21,0,0.752
2022-10-01,22,0,0.773
2022-10-01,23,0,1.462
2022-10-02,0,0,0.547
2022-10-02,1,0,0.471
2022-10-02,2,0,0.518
2022-10-02,3,0,0.492
2022-10-02,4,0,0.484
2022-10-02,5,0,0.751
2022-10-02,6,0,0.53
2022-10-02,7,0.114,0.499
2022-10-02,8,1.881,0.014
2022-10-02,9,4.39,0
2022-10-02,10,5.732,0
2022-10-02,11,7.925,0
2022-10-02,12,7.921,0
2022-10-02,13,7.544,0
2022-10-02,14,6.401,0
2022-10-02,15,4.317,0.008
2022-10-02,16,0.006,2.867
2022-10-02,17,0.037,1.001
2022-10-02,18,0,1.037
2022-10-02,19,0,0.771
2022-10-02,20,0,1.048
2022-10-02,21,0,0.858
2022-10-02,22,0,0.622
2022-10-02,23,0,0.545
2022-10-03,0,0,0.559
2022-10-03,1,0,0.569
2022-10-03,2,0,0.496
2022-10-03,3,0,0.499
2022-10-03,4,0,0.511
2022-10-03,5,0,0.604
2022-10-03,6,0,1.053
2022-10-03,7,0.088,0.917
2022-10-03,8,1.857,0.062
2022-10-03,9,4.494,0
2022-10-03,10,5.914,0
2022-10-03,11,5.41,0.115
2022-10-03,12,6.513,0
2022-10-03,13,5.909,0.051
2022-10-03,14,7.14,0
2022-10-03,15,4.522,0
2022-10-03,16,0.575,0.004
2022-10-03,17,0.046,0.896
2022-10-03,18,0,1.066
2022-10-03,19,0,0.983
2022-10-03,20,0,1.738
2022-10-03,21,0,0.748
2022-10-03,22,0,2.258
2022-10-03,23,0,0.584
2022-10-04,0,0,0.912
2022-10-04,1,0,0.577
2022-10-04,2,0,0.534
2022-10-04,3,0,0.57
2022-10-04,4,0,0.556
2022-10-04,5,0,0.676
2022-10-04,6,0,0.745
2022-10-04,7,0.027,0.729
2022-10-04,8,0.504,0.946
2022-10-04,9,3.254,0
2022-10-04,10,4.568,0
2022-10-04,11,3.577,0.168
2022-10-04,12,6.078,0.007
2022-10-04,13,7.277,0
2022-10-04,14,4.501,0.001
2022-10-04,15,3.325,0
2022-10-04,16,0.37,0.415
2022-10-04,17,0.2,0.127
2022-10-04,18,0,2.509
2022-10-04,19,0,3.067
2022-10-04,20,0,1.782
2022-10-04,21,0,1.357
2022-10-04,22,0,0.811
2022-10-04,23,0,0.599
2022-10-05,0,0,0.556
2022-10-05,1,0,0.578
2022-10-05,2,0,0.534
2022-10-05,3,0,0.958
2022-10-05,4,0,0.516
2022-10-05,5,0,0.718
2022-10-05,6,0,0.684
2022-10-05,7,0.003,1.199
2022-10-05,8,0.676,0.521
2022-10-05,9,2.08,0.061
2022-10-05,10,5.995,0
2022-10-05,11,6.579,0
2022-10-05,12,7.57,0
2022-10-05,13,6.724,0
2022-10-05,14,6.293,0
2022-10-05,15,3.557,0
2022-10-05,16,0.652,0.091
2022-10-05,17,0.09,1.373
2022-10-05,18,0,2.512
2022-10-05,19,0,1.178
2022-10-05,20,0,1.073
2022-10-05,21,0,1.515
2022-10-05,22,0,0.693
2022-10-05,23,0,0.567
2022-10-06,0,0,0.569
2022-10-06,1,0,0.514
2022-10-06,2,0,0.581
2022-10-06,3,0,0.546
2022-10-06,4,0,0.548
2022-10-06,5,0,0.711
2022-10-06,6,0,1.032
2022-10-06,7,0.009,2.442
2022-10-06,8,1.173,0.2
2022-10-06,9,4.311,0
2022-10-06,10,5.672,0
2022-10-06,11,6.025,0
2022-10-06,12,6.281,0
2022-10-06,13,7.196,0
2022-10-06,14,5.563,0
2022-10-06,15,3.361,0
2022-10-06,16,0.875,0
2022-10-06,17,0.094,0.114
2022-10-06,18,0,1.022
2022-10-06,19,0,1.37
2022-10-06,20,0,1.877
2022-10-06,21,0,1.3
2022-10-06,22,0,0.691
2022-10-06,23,0,0.998
2022-10-07,0,0,0.618
2022-10-07,1,0,0.504
2022-10-07,2,0,0.696
2022-10-07,3,0,0.53
2022-10-07,4,0,0.521
2022-10-07,5,0,0.695
2022-10-07,6,0,0.7
2022-10-07,7,0.002,0.444
2022-10-07,8,0.468,0.612
2022-10-07,9,1.547,0.076
2022-10-07,10,2.486,0.189
2022-10-07,11,3.193,0.036
2022-10-07,12,1.919,0.182
2022-10-07,13,3.091,0.004
2022-10-07,14,2.939,0
2022-10-07,15,2.709,0
2022-10-07,16,0.711,0.063
2022-10-07,17,0.038,0.455
2022-10-07,18,0,2.841
2022-10-07,19,0,1.29
2022-10-07,20,0,1.252
2022-10-07,21,0,1.209
2022-10-07,22,0,1.435
2022-10-07,23,0,1.544
2022-10-08,0,0,0.608
2022-10-08,1,0,0.534
2022-10-08,2,0,0.552
2022-10-08,3,0,0.93
2022-10-08,4,0,0.539
2022-10-08,5,0,0.712
2022-10-08,6,0,0.69
2022-10-08,7,0,0.547
2022-10-08,8,0.058,1.992
2022-10-08,9,2.272,0.214
2022-10-08,10,3.266,0
2022-10-08,11,5.449,0
2022-10-08,12,3.993,0.415
2022-10-08,13,4.989,0.029
2022-10-08,14,3.342,0.187
2022-10-08,15,3.012,0
2022-10-08,16,0.362,1.269
2022-10-08,17,0,1.858
2022-10-08,18,0,3.159
2022-10-08,19,0,2.109
2022-10-08,20,0,1.849
2022-10-08,21,0,1.757
2022-10-08,22,0,2.924
2022-10-08,23,0,0.624
2022-10-09,0,0,0.591
2022-10-09,1,0,0.571
2022-10-09,2,0,0.582
2022-10-09,3,0,0.954
2022-10-09,4,0,0.519
2022-10-09,5,0,0.534
2022-10-09,6,0,0.853
2022-10-09,7,0.03,0.503
2022-10-09,8,0.175,1.314
2022-10-09,9,1.654,0.527
2022-10-09,10,3.422,0.083
2022-10-09,11,6.671,0
2022-10-09,12,5.398,0.029
2022-10-09,13,4.797,0.045
2022-10-09,14,5.878,0
2022-10-09,15,2.604,0.323
2022-10-09,16,0.344,0.14
2022-10-09,17,0.018,0.425
2022-10-09,18,0,2.657
2022-10-09,19,0,1.278
2022-10-09,20,0,1.119
2022-10-09,21,0,1.112
2022-10-09,22,0,1.103
2022-10-09,23,0,1.045
2022-10-10,0,0,1.338
2022-10-10,1,0,0.589
2022-10-10,2,0,0.587
2022-10-10,3,0,0.542
2022-10-10,4,0,0.582
2022-10-10,5,0,0.556
2022-10-10,6,0,1.796
2022-10-10,7,0.006,2.118
2022-10-10,8,0.122,1.182
2022-10-10,9,0.015,1.488
2022-10-10,10,0.342,0.827
2022-10-10,11,3.497,0.05
2022-10-10,12,7.954,0.001
2022-10-10,13,7.706,0
2022-10-10,14,5.657,0
2022-10-10,15,3.7,0.03
2022-10-10,16,0.384,3.17
2022-10-10,17,0.004,2.205
2022-10-10,18,0,1.162
2022-10-10,19,0,1.596
2022-10-10,20,0,3.801
2022-10-10,21,0,0.82
2022-10-10,22,0,0.693
2022-10-10,23,0,0.928
2022-10-11,0,0,0.575
2022-10-11,1,0,0.557
2022-10-11,2,0,0.514
2022-10-11,3,0,0.574
2022-10-11,4,0,0.509
2022-10-11,5,0,0.788
2022-10-11,6,0,0.66
2022-10-11,7,0,1.713
2022-10-11,8,0.618,2.266
2022-10-11,9,3.409,0.022
2022-10-11,10,5.412,0
2022-10-11,11,5.997,0
2022-10-11,12,7.701,0
2022-10-11,13,7.51,0
2022-10-11,14,6.505,0
2022-10-11,15,2.912,0.004
2022-10-11,16,0.505,1.097
2022-10-11,17,0.002,0.455
2022-10-11,18,0,0.733
2022-10-11,19,0,0.694
2022-10-11,20,0,1.925
2022-10-11,21,0,0.795
2022-10-11,22,0,0.683
2022-10-11,23,0,0.554
2022-10-12,0,0,0.519
2022-10-12,1,0,0.506
2022-10-12,2,0,0.499
2022-10-12,3,0,0.522
2022-10-12,4,0,0.505
2022-10-12,5,0,0.781
2022-10-12,6,0,0.595
2022-10-12,7,0,3.319
2022-10-12,8,0.839,1.248
2022-10-12,9,3.624,0
2022-10-12,10,4.164,0.228
2022-10-12,11,7.078,0
2022-10-12,12,7.99,0
2022-10-12,13,7.602,0
2022-10-12,14,2.724,0.062
2022-10-12,15,1.971,0.001
2022-10-12,16,0.745,1.271
2022-10-12,17,0,0.672
2022-10-12,18,0,1.215
2022-10-12,19,0,1.169
2022-10-12,20,0,1.207
2022-10-12,21,0,0.873
2022-10-12,22,0,0.583
2022-10-12,23,0,0.535
2022-10-13,0,0,0.888
2022-10-13,1,0,0.523
2022-10-13,2,0,0.525
2022-10-13,3,0,0.515
2022-10-13,4,0,0.544
2022-10-13,5,0,0.729
2022-10-13,6,0,0.628
2022-10-13,7,0.022,1.351
2022-10-13,8,1.578,0.101
2022-10-13,9,4.471,0
2022-10-13,10,6.287,0
2022-10-13,11,6.957,0
2022-10-13,12,8.101,0
2022-10-13,13,7.503,0
2022-10-13,14,5.951,0
2022-10-13,15,3.505,0
2022-10-13,16,0.297,0.41
2022-10-13,17,0,0.397
2022-10-13,18,0,0.742
2022-10-13,19,0,0.823
2022-10-13,20,0,2.586
2022-10-13,21,0,1.271
2022-10-13,22,0,1.034
2022-10-13,23,0,0.604
2022-10-14,0,0,0.557
2022-10-14,1,0,0.529
2022-10-14,2,0,0.518
2022-10-14,3,0,0.93
2022-10-14,4,0,0.476
2022-10-14,5,0,0.799
2022-10-14,6,0,0.57
2022-10-14,7,0,0.986
2022-10-14,8,0.619,0.992
2022-10-14,9,3.186,0
2022-10-14,10,4.892,0
2022-10-14,11,4.239,0.001
2022-10-14,12,4.1,0.003
2022-10-14,13,5.196,0
2022-10-14,14,4.756,0
2022-10-14,15,3.227,0
2022-10-14,16,0.188,0.406
2022-10-14,17,0,1.195
2022-10-14,18,0,1.418
2022-10-14,19,0,0.656
2022-10-14,20,0,1.612
2022-10-14,21,0,1.32
2022-10-14,22,0,0.693
2022-10-14,23,0,0.601
2022-10-15,0,0,0.521
2022-10-15,1,0,0.586
2022-10-15,2,0,0.837
2022-10-15,3,0,0.633
2022-10-15,4,0,0.668
2022-10-15,5,0,0.7
2022-10-15,6,0,0.774
2022-10-15,7,0,1.823
2022-10-15,8,1.287,0.454
2022-10-15,9,2.933,0.055
2022-10-15,10,5.128,0
2022-10-15,11,5.139,0
2022-10-15,12,7.349,0
2022-10-15,13,6.507,0
2022-10-15,14,3.573,0.063
2022-10-15,15,2.879,0.045
2022-10-15,16,0.018,3.155
2022-10-15,17,0,2.952
2022-10-15,18,0,1.991
2022-10-15,19,0,0.649
2022-10-15,20,0,1.89
2022-10-15,21,0,0.96
2022-10-15,22,0,0.805
2022-10-15,23,0,1.188
2022-10-16,0,0,0.849
2022-10-16,1,0,0.461
2022-10-16,2,0,0.556
2022-10-16,3,0,0.846
2022-10-16,4,0,0.517
2022-10-16,5,0,0.79
2022-10-16,6,0,0.974
2022-10-16,7,0.004,0.723
2022-10-16,8,0.911,0.63
2022-10-16,9,4.216,0
2022-10-16,10,6.067,0
2022-10-16,11,6.531,0
2022-10-16,12,7.635,0
2022-10-16,13,7.539,0
2022-10-16,14,5.695,0
2022-10-16,15,2.746,0.074
2022-10-16,16,0.196,0.781
2022-10-16,17,0,4.061
2022-10-16,18,0,0.979
2022-10-16,19,0,1.36
2022-10-16,20,0,1.136
2022-10-16,21,0,0.923
2022-10-16,22,0,0.738
2022-10-16,23,0,1.009
2022-10-17,0,0,0.714
2022-10-17,1,0,0.795
2022-10-17,2,0,0.445
2022-10-17,3,0,0.919
2022-10-17,4,0,0.604
2022-10-17,5,0,0.573
2022-10-17,6,0,1.269
2022-10-17,7,0,0.929
2022-10-17,8,0.031,0.583
2022-10-17,9,1.835,0.005
2022-10-17,10,2.663,0
2022-10-17,11,2.096,0.005
2022-10-17,12,5.157,0
2022-10-17,13,5.367,0
2022-10-17,14,3.96,0
2022-10-17,15,2.173,0
2022-10-17,16,0.488,0.055
2022-10-17,17,0,0.771
2022-10-17,18,0,1.105
2022-10-17,19,0,1.046
2022-10-17,20,0,1.219
2022-10-17,21,0,0.916
2022-10-17,22,0,4.176
2022-10-17,23,0,3.483
2022-10-18,0,0,0.772
2022-10-18,1,0,0.742
2022-10-18,2,0,0.741
2022-10-18,3,0,1.208
2022-10-18,4,0,0.802
2022-10-18,5,0,0.669
2022-10-18,6,0,1.6
2022-10-18,7,0,2.651
2022-10-18,8,0.215,1.429
2022-10-18,9,0,3.641
2022-10-18,10,2.083,0.295
2022-10-18,11,5.846,0
2022-10-18,12,6.531,0
2022-10-18,13,6.177,0
2022-10-18,14,4.499,0
2022-10-18,15,2.495,0.004
2022-10-18,16,0.141,2.734
2022-10-18,17,0,1.7
2022-10-18,18,0,4.008
2022-10-18,19,0,3.148
2022-10-18,20,0,1.295
2022-10-18,21,0,4.981
2022-10-18,22,0,4.558
2022-10-18,23,0,1.358
2022-10-19,0,0,0.982
2022-10-19,1,0,1.008
2022-10-19,2,0,1.355
2022-10-19,3,0,0.996
2022-10-19,4,0,1.024
2022-10-19,5,0,1.132
2022-10-19,6,0,1.517
2022-10-19,7,0,1.922
2022-10-19,8,0.071,1.125
2022-10-19,9,1.745,0.06
2022-10-19,10,1.607,0.031
2022-10-19,11,2.551,0
2022-10-19,12,5.742,0
2022-10-19,13,6.009,0
2022-10-19,14,4.489,0
2022-10-19,15,0.927,0.206
2022-10-19,16,0.325,0.046
2022-10-19,17,0,2.203
2022-10-19,18,0,2.824
2022-10-19,19,0,1.938
2022-10-19,20,0,1.459
2022-10-19,21,0,2.085
2022-10-19,22,0,3.333
2022-10-19,23,0,0.919
2022-10-20,0,0,1.219
2022-10-20,1,0,0.894
2022-10-20,2,0,0.916
2022-10-20,3,0,0.586
2022-10-20,4,0,0.614
2022-10-20,5,0,0.92
2022-10-20,6,0,1.574
2022-10-20,7,0,2.41
2022-10-20,8,0,2.727
2022-10-20,9,0,3.308
2022-10-20,10,0.01,1.764
2022-10-20,11,0,2.325
2022-10-20,12,0.026,1.647
2022-10-20,13,0.077,0.109
2022-10-20,14,0.039,0.404
2022-10-20,15,0.013,0.54
2022-10-20,16,0,1.032
2022-10-20,17,0,2.468
2022-10-20,18,0,1.441
2022-10-20,19,0,0.884
2022-10-20,20,0,0.901
2022-10-20,21,0,2.09
2022-10-20,22,0,2.632
2022-10-20,23,0,2.327
2022-10-21,0,0,2.477
2022-10-21,1,0,0.614
2022-10-21,2,0,0.671
2022-10-21,3,0,0.663
2022-10-21,4,0,1.081
2022-10-21,5,0,0.737
2022-10-21,6,0,0.697
2022-10-21,7,0,1.684
2022-10-21,8,0,2.286
2022-10-21,9,0,1.574
2022-10-21,10,0,1.178
2022-10-21,11,0.041,1.517
2022-10-21,12,0.27,0.428
2022-10-21,13,0.409,0.28
2022-10-21,14,0.481,0.021
2022-10-21,15,0.597,0.102
2022-10-21,16,0.012,0.329
2022-10-21,17,0,2.059
2022-10-21,18,0,3.518
2022-10-21,19,0,1.262
2022-10-21,20,0,1.234
2022-10-21,21,0,1.19
2022-10-21,22,0,3.611
2022-10-21,23,0,4.031
2022-10-22,0,0,0.908
2022-10-22,1,0,0.703
2022-10-22,2,0,0.736
2022-10-22,3,0,0.724
2022-10-22,4,0,1.15
2022-10-22,5,0,1.439
2022-10-22,6,0,1.506
2022-10-22,7,0,1.824
2022-10-22,8,0,1.726
2022-10-22,9,0.123,1.76
2022-10-22,10,1.005,2.152
2022-10-22,11,2.531,1.291
2022-10-22,12,3.834,0.596
2022-10-22,13,4.598,0.258
2022-10-22,14,3.921,0.152
2022-10-22,15,0.285,2.099
2022-10-22,16,0.005,2.437
2022-10-22,17,0,2.974
2022-10-22,18,0,1.094
2022-10-22,19,0,2.742
2022-10-22,20,0,2.332
2022-10-22,21,0,3.429
2022-10-22,22,0,1.006
2022-10-22,23,0,1.037
2022-10-23,0,0,1.304
2022-10-23,1,0,0.785
2022-10-23,2,0,0.844
2022-10-23,3,0,0.883
2022-10-23,4,0,1.66
2022-10-23,5,0,0.969
2022-10-23,6,0,1.04
2022-10-23,7,0,1.139
2022-10-23,8,0.001,1.046
2022-10-23,9,0.655,0.723
2022-10-23,10,5.275,0.058
2022-10-23,11,6.892,0
2022-10-23,12,7.61,0
2022-10-23,13,5.966,0
2022-10-23,14,4.036,0.002
2022-10-23,15,2.101,0
2022-10-23,16,0.419,0.12
2022-10-23,17,0,1.112
2022-10-23,18,0,1.593
2022-10-23,19,0,1.419
2022-10-23,20,0,3.325
2022-10-23,21,0,3.667
2022-10-23,22,0,1.486
2022-10-23,23,0,0.847
2022-10-24,0,0,0.801
2022-10-24,1,0,0.712
2022-10-24,2,0,0.668
2022-10-24,3,0,0.631
2022-10-24,4,0,0.665
2022-10-24,5,0,1.961
2022-10-24,6,0,1.142
2022-10-24,7,0,1.208
2022-10-24,8,0.175,0.79
2022-10-24,9,2.632,0.011
2022-10-24,10,2.213,0.677
2022-10-24,11,1.871,1.491
2022-10-24,12,2.866,0.307
2022-10-24,13,1.081,1.506
2022-10-24,14,3.143,0.003
2022-10-24,15,1.07,0.006
2022-10-24,16,0.192,0.553
2022-10-24,17,0,0.715
2022-10-24,18,0,2.339
2022-10-24,19,0,1.163
2022-10-24,20,0,1.243
2022-10-24,21,0,0.871
2022-10-24,22,0,1.525
2022-10-24,23,0,1.892
2022-10-25,0,0,0.481
2022-10-25,1,0,0.473
2022-10-25,2,0,0.479
2022-10-25,3,0,0.443
2022-10-25,4,0,0.914
2022-10-25,5,0,0.689
2022-10-25,6,0,0.604
2022-10-25,7,0,0.995
2022-10-25,8,0,2.173
2022-10-25,9,0.16,0.653
2022-10-25,10,3.691,0
2022-10-25,11,2.027,0.403
2022-10-25,12,0,3.56
2022-10-25,13,2.955,0.947
2022-10-25,14,4.691,0
2022-10-25,15,0.529,0.126
2022-10-25,16,0,1.116
2022-10-25,17,0,1.286
2022-10-25,18,0,1.178
2022-10-25,19,0,1.513
2022-10-25,20,0,1.854
2022-10-25,21,0,0.759
2022-10-25,22,0,0.754
2022-10-25,23,0,0.455
2022-10-26,0,0,0.504
2022-10-26,1,0,0.469
2022-10-26,2,0,0.481
2022-10-26,3,0,0.485
2022-10-26,4,0,0.841
2022-10-26,5,0,0.733
2022-10-26,6,0,0.898
2022-10-26,7,0,1.329
2022-10-26,8,0.001,1.383
2022-10-26,9,1.289,0.372
2022-10-26,10,2.373,0.058
2022-10-26,11,1.376,0.369
2022-10-26,12,0.983,0.391
2022-10-26,13,2.253,0
2022-10-26,14,1.458,0
2022-10-26,15,0.84,0.308
2022-10-26,16,0.008,0.446
2022-10-26,17,0,1.55
2022-10-26,18,0,1.518
2022-10-26,19,0,1.388
2022-10-26,20,0,1.263
2022-10-26,21,0,0.981
2022-10-26,22,0,0.703
2022-10-26,23,0,0.747
2022-10-27,0,0,0.544
2022-10-27,1,0,0.505
2022-10-27,2,0,0.698
2022-10-27,3,0,0.88
2022-10-27,4,0,0.692
2022-10-27,5,0,0.723
2022-10-27,6,0,0.799
2022-10-27,7,0,1.476
2022-10-27,8,0,0.795
2022-10-27,9,0,1.411
2022-10-27,10,0,2.12
2022-10-27,11,0,2.788
2022-10-27,12,0.188,1.121
2022-10-27,13,1.154,0.011
2022-10-27,14,4.093,0.087
2022-10-27,15,2.588,0.035
2022-10-27,16,0.033,0.502
2022-10-27,17,0,0.695
2022-10-27,18,0,1.085
2022-10-27,19,0,0.879
2022-10-27,20,0,0.78
2022-10-27,21,0,0.751
2022-10-27,22,0,0.782
2022-10-27,23,0,0.824
2022-10-28,0,0,0.915
2022-10-28,1,0,1.025
2022-10-28,2,0,0.541
2022-10-28,3,0,0.487
2022-10-28,4,0,0.513
2022-10-28,5,0,0.701
2022-10-28,6,0,0.545
2022-10-28,7,0,0.823
2022-10-28,8,0,1.297
2022-10-28,9,1.406,0.023
2022-10-28,10,1.916,0.219
2022-10-28,11,4.293,0.005
2022-10-28,12,4.214,0.336
2022-10-28,13,1.57,1.279
2022-10-28,14,4.285,0
2022-10-28,15,3.081,0
2022-10-28,16,0.17,1.783
2022-10-28,17,0,0.556
2022-10-28,18,0,0.779
2022-10-28,19,0,0.902
2022-10-28,20,0,1.238
2022-10-28,21,0,0.715
2022-10-28,22,0,0.68
2022-10-28,23,0,0.509
2022-10-29,0,0,1.039
2022-10-29,1,0,0.604
2022-10-29,2,0,0.467
2022-10-29,3,0,0.664
2022-10-29,4,0,0.476
2022-10-29,5,0,0.96
2022-10-29,6,0,0.576
2022-10-29,7,0,0.92
2022-10-29,8,0.1,0.389
2022-10-29,9,0.526,0.031
2022-10-29,10,4.636,0
2022-10-29,11,6.106,0.093
2022-10-29,12,2.07,0.385
2022-10-29,13,0.976,1.389
2022-10-29,14,0.324,0.629
2022-10-29,15,0.234,0.02
2022-10-29,16,0.03,1.294
2022-10-29,17,0,0.957
2022-10-29,18,0,1.104
2022-10-29,19,0,1.152
2022-10-29,20,0,0.85
2022-10-29,21,0,0.745
2022-10-29,22,0,1.093
2022-10-29,23,0,0.576
2022-10-30,0,0,0.513
2022-10-30,1,0,0.476
2022-10-30,2,0,0.472
2022-10-30,3,0,0.503
2022-10-30,4,0,0.465
2022-10-30,5,0,0.677
2022-10-30,6,0,0.563
2022-10-30,7,0,0.845
2022-10-30,8,0,1.128
2022-10-30,9,0.018,0.512
2022-10-30,10,0.44,0.003
2022-10-30,11,0.275,0.013
2022-10-30,12,0.046,0.242
2022-10-30,13,0.987,0.062
2022-10-30,14,1.544,0
2022-10-30,15,0.5,0.001
2022-10-30,16,0.006,0.33
2022-10-30,17,0,1.422
2022-10-30,18,0,2.36
2022-10-30,19,0,1.524
2022-10-30,20,0,1.001
2022-10-30,21,0,0.898
2022-10-30,22,0,0.815
2022-10-30,23,0,0.508
2022-10-31,0,0,0.468
2022-10-31,1,0,0.498
2022-10-31,2,0,0.489
2022-10-31,3,0,0.458
2022-10-31,4,0,0.506
2022-10-31,5,0,0.718
2022-10-31,6,0,0.61
2022-10-31,7,0,1.628
2022-10-31,8,0.008,1.427
2022-10-31,9,0,2.641
2022-10-31,10,0.895,1.53
2022-10-31,11,1.341,0.125
2022-10-31,12,3.081,0.043
2022-10-31,13,3.883,0.004
2022-10-31,14,1.57,0
2022-10-31,15,2.077,0.001
2022-10-31,16,0.21,0.21
2022-10-31,17,0,1.765
2022-10-31,18,0,3.813
2022-10-31,19,0,1.167
2022-10-31,20,0,0.678
2022-10-31,21,0,0.668
2022-10-31,22,0,0.58
2022-10-31,23,0,0.506
2022-11-01,0,0,0.448
2022-11-01,1,0,0.476
2022-11-01,2,0,0.435
2022-11-01,3,0,0.478
2022-11-01,4,0,0.48
2022-11-01,5,0,0.69
2022-11-01,6,0,1.024
2022-11-01,7,0,0.839
2022-11-01,8,0,2.662
2022-11-01,9,0,2.03
2022-11-01,10,0,2.213
2022-11-01,11,1.331,0.163
2022-11-01,12,0.961,0.385
2022-11-01,13,1.209,0.15
2022-11-01,14,3.16,0
2022-11-01,15,0.672,0.182
2022-11-01,16,0.126,0.328
2022-11-01,17,0,1.16
2022-11-01,18,0,0.806
2022-11-01,19,0,1.203
2022-11-01,20,0,1.389
2022-11-01,21,0,3.569
2022-11-01,22,0,1.487
2022-11-01,23,0,1.789
2022-11-02,0,0,0.762
2022-11-02,1,0,0.834
2022-11-02,2,0,0.749
2022-11-02,3,0,0.79
2022-11-02,4,0,0.816
2022-11-02,5,0,1.397
2022-11-02,6,0,0.933
2022-11-02,7,0,1.326
2022-11-02,8,0.051,0.685
2022-11-02,9,1.566,0.252
2022-11-02,10,1.666,0.519
2022-11-02,11,1.449,0.488
2022-11-02,12,0.312,1.058
2022-11-02,13,1.42,0
2022-11-02,14,0.571,0.019
2022-11-02,15,0.556,1.598
2022-11-02,16,0,3.013
2022-11-02,17,0,2.8
2022-11-02,18,0,2.274
2022-11-02,19,0,0.76
2022-11-02,20,0,0.754
2022-11-02,21,0,1.206
2022-11-02,22,0,0.626
2022-11-02,23,0,0.568
2022-11-03,0,0,0.521
2022-11-03,1,0,0.531
2022-11-03,2,0,0.575
2022-11-03,3,0,0.501
2022-11-03,4,0,0.521
2022-11-03,5,0,0.788
2022-11-03,6,0,0.842
2022-11-03,7,0,1.137
2022-11-03,8,0.599,0.902
2022-11-03,9,0.356,0.13
2022-11-03,10,2.096,0.029
2022-11-03,11,1.838,0.001
2022-11-03,12,0.799,0.003
2022-11-03,13,0.089,0.093
2022-11-03,14,0.001,0.62
2022-11-03,15,0,1.037
2022-11-03,16,0,1.872
2022-11-03,17,0,3.331
2022-11-03,18,0,1.508
2022-11-03,19,0,2.381
2022-11-03,20,0,2.266
2022-11-03,21,0,1.898
2022-11-03,22,0,1.702
2022-11-03,23,0,1.664
2022-11-04,0,0,1.868
2022-11-04,1,0,1.546
2022-11-04,2,0,1.514
2022-11-04,3,0,1.494
2022-11-04,4,0,1.376
2022-11-04,5,0,2.114
2022-11-04,6,0,1.643
2022-11-04,7,0,1.47
2022-11-04,8,0,2.311
2022-11-04,9,0,1.456
2022-11-04,10,0,1.234
2022-11-04,11,0,1.609
2022-11-04,12,0,1.357
2022-11-04,13,0,1.27
2022-11-04,14,0,1.781
2022-11-04,15,0,1.831
2022-11-04,16,0,2.361
2022-11-04,17,0,2.559
2022-11-04,18,0,2.27
2022-11-04,19,0,1.388
2022-11-04,20,0,1.239
2022-11-04,21,0,1.224
2022-11-04,22,0,1.155
2022-11-04,23,0,1.421
2022-11-05,0,0,0.858
2022-11-05,1,0,0.948
2022-11-05,2,0,0.819
2022-11-05,3,0,1.04
2022-11-05,4,0,1.604
2022-11-05,5,0,1.654
2022-11-05,6,0,1.713
2022-11-05,7,0,1.614
2022-11-05,8,0.003,1.417
2022-11-05,9,0.045,1.234
2022-11-05,10,0,1.075
2022-11-05,11,0.585,1.162
2022-11-05,12,2.139,0.229
2022-11-05,13,0.334,0.36
2022-11-05,14,0.416,0.297
2022-11-05,15,0.655,0.216
2022-11-05,16,0,2.689
2022-11-05,17,0,2.663
2022-11-05,18,0,1.727
2022-11-05,19,0,1.729
2022-11-05,20,0,1.556
2022-11-05,21,0,1.935
2022-11-05,22,0,1.563
2022-11-05,23,0,1.601
2022-11-06,0,0,1.474
2022-11-06,1,0,1.523
2022-11-06,1,0,1.504
2022-11-06,2,0,1.565
2022-11-06,3,0,1.525
2022-11-06,4,0,1.751
2022-11-06,5,0,1.808
2022-11-06,6,0,1.892
2022-11-06,7,0,1.677
2022-11-06,8,0,2.176
2022-11-06,9,0,1.586
2022-11-06,10,0,3.373
2022-11-06,11,0.014,1
2022-11-06,12,0,2
2022-11-06,13,0.057,0.986
2022-11-06,14,0,2.525
2022-11-06,15,0,1.081
2022-11-06,16,0,2.992
2022-11-06,17,0,3.007
2022-11-06,18,0,2.383
2022-11-06,19,0,2.052
2022-11-06,20,0,1.129
2022-11-06,21,0,1.445
2022-11-06,22,0,0.968
2022-11-06,23,0,0.98
2022-11-07,0,0,0.948
2022-11-07,1,0,0.991
2022-11-07,2,0,1.047
2022-11-07,3,0,1.124
2022-11-07,4,0,1.799
2022-11-07,5,0,1.79
2022-11-07,6,0,1.996
2022-11-07,7,0,2.399
2022-11-07,8,0,1.707
2022-11-07,9,0,2.476
2022-11-07,10,0,1.673
2022-11-07,11,0,2.428
2022-11-07,12,0,1.681
2022-11-07,13,0,2.659
2022-11-07,14,0,1.425
2022-11-07,15,0,1.775
2022-11-07,16,0,1.997
2022-11-07,17,0,5.881
2022-11-07,18,0,3.262
2022-11-07,19,0,2.102
2022-11-07,20,0,2.419
2022-11-07,21,0,2.106
2022-11-07,22,0,1.513
2022-11-07,23,0,1.554
2022-11-08,0,0,1.598
2022-11-08,1,0,1.338
2022-11-08,2,0,1.469
2022-11-08,3,0,1.367
2022-11-08,4,0,1.634
2022-11-08,5,0,1.724
2022-11-08,6,0,2.987
2022-11-08,7,0,3.354
2022-11-08,8,0,2.573
2022-11-08,9,0,1.608
2022-11-08,10,0,1.838
2022-11-08,11,0,2.771
2022-11-08,12,0,2.361
2022-11-08,13,0,2.339
2022-11-08,14,0,3.82
2022-11-08,15,0,3.813
2022-11-08,16,0,5.845
2022-11-08,17,0,5.428
2022-11-08,18,0,2.707
2022-11-08,19,0,1.669
2022-11-08,20,0,1.816
2022-11-08,21,0,2.07
2022-11-08,22,0,1.466
2022-11-08,23,0,1.623
2022-11-09,0,0,1.365
2022-11-09,1,0,1.401
2022-11-09,2,0,1.453
2022-11-09,3,0,1.342
2022-11-09,4,0,1.447
2022-11-09,5,0,2.278
2022-11-09,6,0,3.303
2022-11-09,7,0,2.907
2022-11-09,8,0,3.257
2022-11-09,9,0,3.118
2022-11-09,10,0,2.52
2022-11-09,11,0,2.276
2022-11-09,12,0,2.582
2022-11-09,13,0,3.544
2022-11-09,14,0,2.331
2022-11-09,15,0,1.602
2022-11-09,16,0,1.653
2022-11-09,17,0,2.094
2022-11-09,18,0,1.708
2022-11-09,19,0,1.713
2022-11-09,20,0,1.725
2022-11-09,21,0,1.761
2022-11-09,22,0,2.017
2022-11-09,23,0,1.448
2022-11-10,0,0,1.385
2022-11-10,1,0,1.338
2022-11-10,2,0,1.395
2022-11-10,3,0,1.453
2022-11-10,4,0,1.38
2022-11-10,5,0,1.632
2022-11-10,6,0,2.896
2022-11-10,7,0,2.709
2022-11-10,8,0,2.969
2022-11-10,9,0,2.22
2022-11-10,10,0,1.698
2022-11-10,11,0,1.868
2022-11-10,12,0,1.793
2022-11-10,13,0,1.818
2022-11-10,14,0,1.776
2022-11-10,15,0,1.835
2022-11-10,16,0,3.938
2022-11-10,17,0,3.168
2022-11-10,18,0,3.058
2022-11-10,19,0,2.578
2022-11-10,20,0,2.171
2022-11-10,21,0,3.59
2022-11-10,22,0,2.525
2022-11-10,23,0,1.381
2022-11-11,0,0,1.344
2022-11-11,1,0,1.309
2022-11-11,2,0,1.444
2022-11-11,3,0,1.403
2022-11-11,4,0,1.61
2022-11-11,5,0,2.537
2022-11-11,6,0,2.459
2022-11-11,7,0,5.13
2022-11-11,8,0,2.762
2022-11-11,9,0,2.356
2022-11-11,10,0,2.399
2022-11-11,11,0,2.817
2022-11-11,12,0,2.725
2022-11-11,13,0,1.941
2022-11-11,14,0,2.145
2022-11-11,15,0,2.379
2022-11-11,16,0,2.404
2022-11-11,17,0,2.613
2022-11-11,18,0,3.048
2022-11-11,19,0,2.32
2022-11-11,20,0,1.972
2022-11-11,21,0,2.095
2022-11-11,22,0,2.029
2022-11-11,23,0,1.608
2022-11-12,0,0,1.501
2022-11-12,1,0,1.456
2022-11-12,2,0,1.682
2022-11-12,3,0,1.255
2022-11-12,4,0,1.413
2022-11-12,5,0,2.861
2022-11-12,6,0,3.442
2022-11-12,7,0,3.336
2022-11-12,8,0,1.649
2022-11-12,9,0,2.834
2022-11-12,10,0,4.624
2022-11-12,11,0.006,2.241
2022-11-12,12,0,3.224
2022-11-12,13,0,3.063
2022-11-12,14,0,2.79
2022-11-12,15,0,2.472
2022-11-12,16,0,3.156
2022-11-12,17,0,3.326
2022-11-12,18,0,7.914
2022-11-12,19,0,5.93
2022-11-12,20,0,6.489
2022-11-12,21,0,3.555
2022-11-12,22,0,2.107
2022-11-12,23,0,1.661
2022-11-13,0,0,1.224
2022-11-13,1,0,1.349
2022-11-13,2,0,1.319
2022-11-13,3,0,1.245
2022-11-13,4,0,1.291
2022-11-13,5,0,1.371
2022-11-13,6,0,1.665
2022-11-13,7,0,2.279
2022-11-13,8,0.003,1.873
2022-11-13,9,1.046,0.282
2022-11-13,10,1.383,0.356
2022-11-13,11,2.859,0.011
2022-11-13,12,2.464,0.015
2022-11-13,13,1.514,0.033
2022-11-13,14,0.509,1.388
2022-11-13,15,0,4.564
2022-11-13,16,0,2.745
2022-11-13,17,0,2.282
2022-11-13,18,0,3.363
2022-11-13,19,0,2.636
2022-11-13,20,0,2.532
2022-11-13,21,0,2.21
2022-11-13,22,0,1.72
2022-11-13,23,0,1.77
2022-11-14,0,0,1.757
2022-11-14,1,0,1.913
2022-11-14,2,0,1.948
2022-11-14,3,0,1.857
2022-11-14,4,0,1.724
2022-11-14,5,0,1.932
2022-11-14,6,0,3.672
2022-11-14,7,0,3.769
2022-11-14,8,0,4.679
2022-11-14,9,0,5.204
2022-11-14,10,0,2.725
2022-11-14,11,0,3.778
2022-11-14,12,0,1.033
2022-11-14,13,0,1.029
2022-11-14,14,0,1.323
2022-11-14,15,0,2.276
2022-11-14,16,0,2.078
2022-11-14,17,0,2.561
2022-11-14,18,0,2.726
2022-11-14,19,0,3.146
2022-11-14,20,0,2.204
2022-11-14,21,0,1.585
2022-11-14,22,0,1.082
2022-11-14,23,0,1.358
2022-11-15,0,0,1.171
2022-11-15,1,0,1.141
2022-11-15,2,0,1.191
2022-11-15,3,0,1.252
2022-11-15,4,0,1.239
2022-11-15,5,0,1.75
2022-11-15,6,0,2.115
2022-11-15,7,0,3.699
2022-11-15,8,0,3.057
2022-11-15,9,0,4.006
2022-11-15,10,0,2.87
2022-11-15,11,0,5.052
2022-11-15,12,0,3.835
2022-11-15,13,0,2.657
2022-11-15,14,0,1.933
2022-11-15,15,0,1.998
2022-11-15,16,0,2.891
2022-11-15,17,0,2.62
2022-11-15,18,0,2.577
2022-11-15,19,0,6.035
2022-11-15,20,0,3.618
2022-11-15,21,0,3.622
2022-11-15,22,0,1.952
2022-11-15,23,0,1.845
2022-11-16,0,0,2.189
2022-11-16,1,0,1.879
2022-11-16,2,0,2.102
2022-11-16,3,0,1.649
2022-11-16,4,0,2.045
2022-11-16,5,0,1.788
2022-11-16,6,0,2.485
2022-11-16,7,0,2.938
2022-11-16,8,0,2.686
2022-11-16,9,0,2.364
2022-11-16,10,0,1.922
2022-11-16,11,0,1.849
2022-11-16,12,0,1.798
2022-11-16,13,0,2.111
2022-11-16,14,0,2.176
2022-11-16,15,0,3.127
2022-11-16,16,0,2.983
2022-11-16,17,0,3.196
2022-11-16,18,0,2.344
2022-11-16,19,0,2.362
2022-11-16,20,0,3.373
2022-11-16,21,0,2.661
2022-11-16,22,0,2.147
2022-11-16,23,0,2.032
2022-11-17,0,0,1.831
2022-11-17,1,0,1.805
2022-11-17,2,0,1.881
2022-11-17,3,0,1.842
2022-11-17,4,0,1.747
2022-11-17,5,0,1.717
2022-11-17,6,0,2.89
2022-11-17,7,0,3.134
2022-11-17,8,0,3.295
2022-11-17,9,0,1.723
2022-11-17,10,0.004,1.926
2022-11-17,11,0,1.016
2022-11-17,12,0.015,1.224
2022-11-17,13,0,1.695
2022-11-17,14,0,1.745
2022-11-17,15,0,1.54
2022-11-17,16,0,2.76
2022-11-17,17,0,5.454
2022-11-17,18,0,2.304
2022-11-17,19,0,2.426
2022-11-17,20,0,4.206
2022-11-17,21,0,3.394
2022-11-17,22,0,3.443
2022-11-17,23,0,3.363
2022-11-18,0,0,3.333
2022-11-18,1,0,3.348
2022-11-18,2,0,3.389
2022-11-18,3,0,3.271
2022-11-18,4,0,3.191
2022-11-18,5,0,2.224
2022-11-18,6,0,2.206
2022-11-18,7,0,4.85
2022-11-18,8,0,1.912
2022-11-18,9,0,2.075
2022-11-18,10,0.009,1.444
2022-11-18,11,0.001,0.791
2022-11-18,12,0,1.8
2022-11-18,13,0,3.772
2022-11-18,14,0,3.954
2022-11-18,15,0,1.383
2022-11-18,16,0,3.374
2022-11-18,17,0,2.198
2022-11-18,18,0,1.454
2022-11-18,19,0,2.474
2022-11-18,20,0,1.883
2022-11-18,21,0,1.868
2022-11-18,22,0,1.502
2022-11-18,23,0,3.694
2022-11-19,0,0,1.204
2022-11-19,1,0,1.217
2022-11-19,2,0,1.161
2022-11-19,3,0,1.248
2022-11-19,4,0,2.146
2022-11-19,5,0,1.497
2022-11-19,6,0,2.314
2022-11-19,7,0,2.38
2022-11-19,8,0,2.606
2022-11-19,9,0,1.324
2022-11-19,10,0,1.583
2022-11-19,11,0,1.743
2022-11-19,12,0.251,2.008
2022-11-19,13,0.919,0.359
2022-11-19,14,0.16,1.405
2022-11-19,15,0.005,2.189
2022-11-19,16,0,3.063
2022-11-19,17,0,2.794
2022-11-19,18,0,2.988
2022-11-19,19,0,3.423
2022-11-19,20,0,2.943
2022-11-19,21,0,2.705
2022-11-19,22,0,1.74
2022-11-19,23,0,1.511
2022-11-20,0,0,1.579
2022-11-20,1,0,2.055
2022-11-20,2,0,1.712
2022-11-20,3,0,1.613
2022-11-20,4,0,1.719
2022-11-20,5,0,1.736
2022-11-20,6,0,2.363
2022-11-20,7,0,2.023
2022-11-20,8,0,1.787
2022-11-20,9,0.017,1.644
2022-11-20,10,0.662,0.901
2022-11-20,11,1.457,0.141
2022-11-20,12,0.065,1.119
2022-11-20,13,0.002,1.069
2022-11-20,14,0,1.798
2022-11-20,15,0,1.906
2022-11-20,16,0,2.278
2022-11-20,17,0,3.557
2022-11-20,18,0,1.976
2022-11-20,19,0,2.83
2022-11-20,20,0,3.305
2022-11-20,21,0,2.945
2022-11-20,22,0,1.218
2022-11-20,23,0,1.422
2022-11-21,0,0,1.643
2022-11-21,1,0,1.504
2022-11-21,2,0,1.498
2022-11-21,3,0,1.212
2022-11-21,4,0,1.342
2022-11-21,5,0,1.801
2022-11-21,6,0,2.109
2022-11-21,7,0,3.153
2022-11-21,8,0,2.21
2022-11-21,9,0,1.789
2022-11-21,10,0.005,1.146
2022-11-21,11,0.035,3.097
2022-11-21,12,0.029,2.479
2022-11-21,13,0.036,1.008
2022-11-21,14,0.005,1.504
2022-11-21,15,0,1.393
2022-11-21,16,0,1.776
2022-11-21,17,0,2.835
2022-11-21,18,0,2.038
2022-11-21,19,0,1.66
2022-11-21,20,0,2.633
2022-11-21,21,0,2.481
2022-11-21,22,0,1.04
2022-11-21,23,0,1.236
2022-11-22,0,0,1.015
2022-11-22,1,0,1.04
2022-11-22,2,0,1.152
2022-11-22,3,0,1.274
2022-11-22,4,0,1.19
2022-11-22,5,0,1.909
2022-11-22,6,0,1.9
2022-11-22,7,0,2.921
2022-11-22,8,0,3.748
2022-11-22,9,0,1.585
2022-11-22,10,0,0.81
2022-11-22,11,0,0.973
2022-11-22,12,0,0.759
2022-11-22,13,0,0.965
2022-11-22,14,0,1.612
2022-11-22,15,0,1.451
2022-11-22,16,0,3.034
2022-11-22,17,0,2.176
2022-11-22,18,0,2.315
2022-11-22,19,0,5.403
2022-11-22,20,0,2.555
2022-11-22,21,0,1.481
2022-11-22,22,0,0.72
2022-11-22,23,0,0.842
2022-11-23,0,0,0.939
2022-11-23,1,0,1.04
2022-11-23,2,0,0.893
2022-11-23,3,0,0.992
2022-11-23,4,0,0.978
2022-11-23,5,0,1.351
2022-11-23,6,0,3.365
2022-11-23,7,0,4.202
2022-11-23,8,0,3.297
2022-11-23,9,0,2.348
2022-11-23,10,0,2.692
2022-11-23,11,0.012,2.005
2022-11-23,12,0.05,2.677
2022-11-23,13,0.028,1.391
2022-11-23,14,0.001,2.68
2022-11-23,15,0,1.043
2022-11-23,16,0,1.543
2022-11-23,17,0,2.219
2022-11-23,18,0,1.797
2022-11-23,19,0,2.03
2022-11-23,20,0,2.187
2022-11-23,21,0,2.04
2022-11-23,22,0,0.816
2022-11-23,23,0,0.729
2022-11-24,0,0,0.772
2022-11-24,1,0,0.682
2022-11-24,2,0,0.761
2022-11-24,3,0,0.783
2022-11-24,4,0,0.726
2022-11-24,5,0,1.011
2022-11-24,6,0,1.103
2022-11-24,7,0,5.188
2022-11-24,8,0,2.606
2022-11-24,9,0,1.496
2022-11-24,10,0.208,0.824
2022-11-24,11,0.528,0.789
2022-11-24,12,0,1.554
2022-11-24,13,0.063,0.779
2022-11-24,14,0.014,1.404
2022-11-24,15,0,2.782
2022-11-24,16,0,1.888
2022-11-24,17,0,2.305
2022-11-24,18,0,1.804
2022-11-24,19,0,2.158
2022-11-24,20,0,2.58
2022-11-24,21,0,1.871
2022-11-24,22,0,1.409
2022-11-24,23,0,1.476
2022-11-25,0,0,1.402
2022-11-25,1,0,1.341
2022-11-25,2,0,1.705
2022-11-25,3,0,1.387
2022-11-25,4,0,1.423
2022-11-25,5,0,3.138
2022-11-25,6,0,3.412
2022-11-25,7,0,2.597
2022-11-25,8,0,1.44
2022-11-25,9,0,1.18
2022-11-25,10,0.002,0.835
2022-11-25,11,0.067,0.694
2022-11-25,12,0.001,1.785
2022-11-25,13,0,1.646
2022-11-25,14,0,3.06
2022-11-25,15,0,1.978
2022-11-25,16,0,1.963
2022-11-25,17,0,2.093
2022-11-25,18,0,1.461
2022-11-25,19,0,1.173
2022-11-25,20,0,1.325
2022-11-25,21,0,1.308
2022-11-25,22,0,1.333
2022-11-25,23,0,1.647
2022-11-26,0,0,1.213
2022-11-26,1,0,1.184
2022-11-26,2,0,1.178
2022-11-26,3,0,1.273
2022-11-26,4,0,1.218
2022-11-26,5,0,1.376
2022-11-26,6,0,1.678
2022-11-26,7,0,2.127
2022-11-26,8,0.74,0.848
2022-11-26,9,0.371,0.51
2022-11-26,10,0.598,1.327
2022-11-26,11,3.403,0.036
2022-11-26,12,0.544,0.385
2022-11-26,13,0.055,1.088
2022-11-26,14,0.048,1.221
2022-11-26,15,0,1.155
2022-11-26,16,0,1.622
2022-11-26,17,0,1.94
2022-11-26,18,0,1.416
2022-11-26,19,0,3.664
2022-11-26,20,0,0.994
2022-11-26,21,0,1.519
2022-11-26,22,0,1.215
2022-11-26,23,0,1.634
2022-11-27,0,0,0.985
2022-11-27,1,0,1.201
2022-11-27,2,0,0.893
2022-11-27,3,0,0.947
2022-11-27,4,0,0.909
2022-11-27,5,0,0.805
2022-11-27,6,0,1.209
2022-11-27,7,0,1.216
2022-11-27,8,0.068,0.467
2022-11-27,9,0.448,0.549
2022-11-27,10,0.458,0.216
2022-11-27,11,0.457,0.171
2022-11-27,12,0.048,1.17
2022-11-27,13,0.051,0.844
2022-11-27,14,0.004,2.764
2022-11-27,15,0,1.678
2022-11-27,16,0,1.985
2022-11-27,17,0,2.139
2022-11-27,18,0,1.255
2022-11-27,19,0,1.369
2022-11-27,20,0,1.343
2022-11-27,21,0,1.322
2022-11-27,22,0,1.397
2022-11-27,23,0,1.649
2022-11-28,0,0,1.153
2022-11-28,1,0,1.163
2022-11-28,2,0,1.187
2022-11-28,3,0,1.259
2022-11-28,4,0,1.342
2022-11-28,5,0,1.49
2022-11-28,6,0,1.441
2022-11-28,7,0,3.276
2022-11-28,8,0,4.456
2022-11-28,9,0.517,2.255
2022-11-28,10,0.382,0.709
2022-11-28,11,0.077,2.749
2022-11-28,12,0,3.843
2022-11-28,13,0,2.01
2022-11-28,14,0,1.193
2022-11-28,15,0,2.49
2022-11-28,16,0,1.831
2022-11-28,17,0,3.492
2022-11-28,18,0,2.006
2022-11-28,19,0,1.541
2022-11-28,20,0,2.026
2022-11-28,21,0,1.048
2022-11-28,22,0,1.282
2022-11-28,23,0,0.777
2022-11-29,0,0,0.783
2022-11-29,1,0,1.406
2022-11-29,2,0,2.054
2022-11-29,3,0,0.837
2022-11-29,4,0,0.859
2022-11-29,5,0,1.593
2022-11-29,6,0,2.028
2022-11-29,7,0,2.363
2022-11-29,8,0,2.016
2022-11-29,9,0,1.077
2022-11-29,10,0,1.339
2022-11-29,11,0.175,0.52
2022-11-29,12,0.257,0.869
2022-11-29,13,0.204,0.369
2022-11-29,14,0.033,1.156
2022-11-29,15,0,1.929
2022-11-29,16,0,1.829
2022-11-29,17,0,1.292
2022-11-29,18,0,3.723
2022-11-29,19,0,2.374
2022-11-29,20,0,2.575
2022-11-29,21,0,1.951
2022-11-29,22,0,1.174
2022-11-29,23,0,0.958
2022-11-30,0,0,1.559
2022-11-30,1,0,1.64
2022-11-30,2,0,1.685
2022-11-30,3,0,1.04
2022-11-30,4,0,1.624
2022-11-30,5,0,2
2022-11-30,6,0,2.223
2022-11-30,7,0,2.5
2022-11-30,8,0,1.374
2022-11-30,9,0,2.348
2022-11-30,10,0,4.788
2022-11-30,11,0,5.705
2022-11-30,12,0,5.207
2022-11-30,13,0,3.063
2022-11-30,14,0,2.002
2022-11-30,15,0,1.388
2022-11-30,16,0,2.191
2022-11-30,17,0,0.968
2022-11-30,18,0,1.034
2022-11-30,19,0,1.966
2022-11-30,20,0,1.678
2022-11-30,21,0,2.962
2022-11-30,22,0,0.787
2022-11-30,23,0,1.325
2022-12-01,0,0,1.812
2022-12-01,1,0,0.911
2022-12-01,2,0,0.548
2022-12-01,3,0,1.425
2022-12-01,4,0,1.381
2022-12-01,5,0,1.62
2022-12-01,6,0,1.066
2022-12-01,7,0,2.072
2022-12-01,8,0,3.334
2022-12-01,9,0,5.302
2022-12-01,10,0,5.939
2022-12-01,11,0,6.238
2022-12-01,12,0,2.289
2022-12-01,13,0,3.1
2022-12-01,14,0,2.817
2022-12-01,15,0,2.185
2022-12-01,16,0,2.045
2022-12-01,17,0,2.947
2022-12-01,18,0,1.749
2022-12-01,19,0,2.055
2022-12-01,20,0,1.86
2022-12-01,21,0,1.738
2022-12-01,22,0,1.424
2022-12-01,23,0,1.312
2022-12-02,0,0,1.282
2022-12-02,1,0,1.271
2022-12-02,2,0,1.283
2022-12-02,3,0,0.495
2022-12-02,4,0,1.316
2022-12-02,5,0,1.499
2022-12-02,6,0,2.086
2022-12-02,7,0,2.191
2022-12-02,8,0,3.176
2022-12-02,9,0,3.331
2022-12-02,10,0,1.675
2022-12-02,11,0,1.569
2022-12-02,12,0,1.533
2022-12-02,13,0,1.757
2022-12-02,14,0,1.577
2022-12-02,15,0,1.868
2022-12-02,16,0,2.391
2022-12-02,17,0,2.679
2022-12-02,18,0,2.781
2022-12-02,19,0,2.208
2022-12-02,20,0,2.159
2022-12-02,21,0,2.034
2022-12-02,22,0,0.973
2022-12-02,23,0,1.46
2022-12-03,0,0,1.715
2022-12-03,1,0,1.689
2022-12-03,2,0,2.284
2022-12-03,3,0,1.778
2022-12-03,4,0,1.953
2022-12-03,5,0,1.271
2022-12-03,6,0,1.528
2022-12-03,7,0,4.238
2022-12-03,8,0,2.219
2022-12-03,9,0,2.669
2022-12-03,10,0,1.863
2022-12-03,11,0,1.529
2022-12-03,12,0,2.093
2022-12-03,13,0,1.831
2022-12-03,14,0,1.069
2022-12-03,15,0,1.349
2022-12-03,16,0,1.985
2022-12-03,17,0,4.388
2022-12-03,18,0,2.781
2022-12-03,19,0,2.17
2022-12-03,20,0,1.636
2022-12-03,21,0,2.183
2022-12-03,22,0,1.253
2022-12-03,23,0,1.767
2022-12-04,0,0,1.825
2022-12-04,1,0,1.387
2022-12-04,2,0,1.947
2022-12-04,3,0,1.59
2022-12-04,4,0,1.081
2022-12-04,5,0,1.701
2022-12-04,6,0,2.091
2022-12-04,7,0,2.737
2022-12-04,8,0,2.268
2022-12-04,9,0,2.273
2022-12-04,10,0,1.237
2022-12-04,11,0,1.66
2022-12-04,12,0,2.804
2022-12-04,13,0,2.718
2022-12-04,14,0,2.134
2022-12-04,15,0,3.879
2022-12-04,16,0,2.526
2022-12-04,17,0,4.073
2022-12-04,18,0,3.055
2022-12-04,19,0,2.131
2022-12-04,20,0,2.937
2022-12-04,21,0,2.059
2022-12-04,22,0,2.955
2022-12-04,23,0,1.1
2022-12-05,0,0,1.334
2022-12-05,1,0,1.948
2022-12-05,2,0,1.918
2022-12-05,3,0,2.215
2022-12-05,4,0,1.376
2022-12-05,5,0,2.201
2022-12-05,6,0,2.035
2022-12-05,7,0,2.691
2022-12-05,8,0,2.181
2022-12-05,9,0,4.537
2022-12-05,10,0,5.458
2022-12-05,11,0,5.373
2022-12-05,12,0,4.583
2022-12-05,13,0,1.874
2022-12-05,14,0,1.121
2022-12-05,15,0,1.248
2022-12-05,16,0,2.178
2022-12-05,17,0,0.958
2022-12-05,18,0,1.126
2022-12-05,19,0,1.867
2022-12-05,20,0,1.654
2022-12-05,21,0,1.469
2022-12-05,22,0,1.028
2022-12-05,23,0,1.317
2022-12-06,0,0,1.344
2022-12-06,1,0,1.453
2022-12-06,2,0,1.541
2022-12-06,3,0,0.824
2022-12-06,4,0,1.226
2022-12-06,5,0,1.68
2022-12-06,6,0,1.891
2022-12-06,7,0,2.587
2022-12-06,8,0,2.993
2022-12-06,9,0,4.279
2022-12-06,10,0.129,1.725
2022-12-06,11,0.794,0.217
2022-12-06,12,0.02,1.02
2022-12-06,13,0,1.852
2022-12-06,14,0,3.096
2022-12-06,15,0,2.006
2022-12-06,16,0,1.716
2022-12-06,17,0,1.964
2022-12-06,18,0,3.675
2022-12-06,19,0,2.341
2022-12-06,20,0,1.987
2022-12-06,21,0,4.269
2022-12-06,22,0,1.863
2022-12-06,23,0,1.53
2022-12-07,0,0,1.75
2022-12-07,1,0,1.772
2022-12-07,2,0,1.763
2022-12-07,3,0,1.825
2022-12-07,4,0,1.774
2022-12-07,5,0,1.737
2022-12-07,6,0,2.712
2022-12-07,7,0,2.9
2022-12-07,8,0,6.248
2022-12-07,9,0,5.881
2022-12-07,10,0,3.746
2022-12-07,11,0.08,1.965
2022-12-07,12,0.321,0.86
2022-12-07,13,0.576,0.119
2022-12-07,14,0.003,0.753
2022-12-07,15,0,1.75
2022-12-07,16,0,0
2022-12-07,17,0,0
2022-12-07,18,0,0
2022-12-07,19,0,0
2022-12-07,20,0,0
2022-12-07,21,0,0
2022-12-07,22,0,0
2022-12-07,23,0,0
