date,day,hour,kWh
2022-07-08T04:00:00Z,2022-07-08,4,0.002
2022-07-08T05:00:00Z,2022-07-08,5,0.02
2022-07-08T06:00:00Z,2022-07-08,6,0.009
2022-07-08T07:00:00Z,2022-07-08,7,1.49
2022-07-08T08:00:00Z,2022-07-08,8,1.74
2022-07-08T09:00:00Z,2022-07-08,9,5.65
2022-07-08T10:00:00Z,2022-07-08,10,6.27
2022-07-08T11:00:00Z,2022-07-08,11,9.59
2022-07-08T12:00:00Z,2022-07-08,12,10.78
2022-07-08T13:00:00Z,2022-07-08,13,10.66
2022-07-08T14:00:00Z,2022-07-08,14,9.35
2022-07-08T15:00:00Z,2022-07-08,15,8.66
2022-07-08T16:00:00Z,2022-07-08,16,5.94
2022-07-08T17:00:00Z,2022-07-08,17,2.99
2022-07-08T18:00:00Z,2022-07-08,18,1.06
2022-07-08T19:00:00Z,2022-07-08,19,0.46
2022-07-08T20:00:00Z,2022-07-08,20,0.12
2022-07-08T21:00:00Z,2022-07-08,21,0.005
2022-07-09T04:00:00Z,2022-07-09,4,0.002
2022-07-09T05:00:00Z,2022-07-09,5,0.14
2022-07-09T06:00:00Z,2022-07-09,6,0.44
2022-07-09T07:00:00Z,2022-07-09,7,1.68
2022-07-09T08:00:00Z,2022-07-09,8,4.95
2022-07-09T09:00:00Z,2022-07-09,9,7.21
2022-07-09T10:00:00Z,2022-07-09,10,8.87
2022-07-09T11:00:00Z,2022-07-09,11,10.14
2022-07-09T12:00:00Z,2022-07-09,12,10.2
2022-07-09T13:00:00Z,2022-07-09,13,9.8
2022-07-09T14:00:00Z,2022-07-09,14,5.42
2022-07-09T15:00:00Z,2022-07-09,15,5.35
2022-07-09T16:00:00Z,2022-07-09,16,5.1
2022-07-09T17:00:00Z,2022-07-09,17,2.09
2022-07-09T18:00:00Z,2022-07-09,18,1.09
2022-07-09T19:00:00Z,2022-07-09,19,0.45
2022-07-09T20:00:00Z,2022-07-09,20,0.15
2022-07-09T21:00:00Z,2022-07-09,21,0.001
2022-07-10T04:00:00Z,2022-07-10,4,0
2022-07-10T05:00:00Z,2022-07-10,5,0.14
2022-07-10T06:00:00Z,2022-07-10,6,0.83
2022-07-10T07:00:00Z,2022-07-10,7,1.44
2022-07-10T08:00:00Z,2022-07-10,8,2.24
2022-07-10T09:00:00Z,2022-07-10,9,4.16
2022-07-10T10:00:00Z,2022-07-10,10,8.18
2022-07-10T11:00:00Z,2022-07-10,11,10.07
2022-07-10T12:00:00Z,2022-07-10,12,9.7
2022-07-10T13:00:00Z,2022-07-10,13,10.03
2022-07-10T14:00:00Z,2022-07-10,14,9.86
2022-07-10T15:00:00Z,2022-07-10,15,7.93
2022-07-10T16:00:00Z,2022-07-10,16,5.84
2022-07-10T17:00:00Z,2022-07-10,17,3.07
2022-07-10T18:00:00Z,2022-07-10,18,1.17
2022-07-10T19:00:00Z,2022-07-10,19,0.49
2022-07-10T20:00:00Z,2022-07-10,20,0.18
2022-07-10T21:00:00Z,2022-07-10,21,0.003
2022-07-11T04:00:00Z,2022-07-11,4,0.002
2022-07-11T05:00:00Z,2022-07-11,5,0.08
2022-07-11T06:00:00Z,2022-07-11,6,0.43
2022-07-11T07:00:00Z,2022-07-11,7,2.25
2022-07-11T08:00:00Z,2022-07-11,8,4.86
2022-07-11T09:00:00Z,2022-07-11,9,7.12
2022-07-11T10:00:00Z,2022-07-11,10,8.83
2022-07-11T11:00:00Z,2022-07-11,11,10.05
2022-07-11T12:00:00Z,2022-07-11,12,10.55
2022-07-11T13:00:00Z,2022-07-11,13,10.53
2022-07-11T14:00:00Z,2022-07-11,14,9.77
2022-07-11T15:00:00Z,2022-07-11,15,8.47
2022-07-11T16:00:00Z,2022-07-11,16,6.16
2022-07-11T17:00:00Z,2022-07-11,17,2.72
2022-07-11T18:00:00Z,2022-07-11,18,0.93
2022-07-11T19:00:00Z,2022-07-11,19,0.35
2022-07-11T20:00:00Z,2022-07-11,20,0.13
2022-07-11T21:00:00Z,2022-07-11,21,0.003
2022-07-12T04:00:00Z,2022-07-12,4,7e-4
2022-07-12T05:00:00Z,2022-07-12,5,0.09
2022-07-12T06:00:00Z,2022-07-12,6,0.44
2022-07-12T07:00:00Z,2022-07-12,7,2.21
2022-07-12T08:00:00Z,2022-07-12,8,4.76
2022-07-12T09:00:00Z,2022-07-12,9,6.99
2022-07-12T10:00:00Z,2022-07-12,10,8.63
2022-07-12T11:00:00Z,2022-07-12,11,9.79
2022-07-12T12:00:00Z,2022-07-12,12,10.26
2022-07-12T13:00:00Z,2022-07-12,13,10.22
2022-07-12T14:00:00Z,2022-07-12,14,9.25
2022-07-12T15:00:00Z,2022-07-12,15,8.41
2022-07-12T16:00:00Z,2022-07-12,16,5.99
2022-07-12T17:00:00Z,2022-07-12,17,2.13
2022-07-12T18:00:00Z,2022-07-12,18,0.63
2022-07-12T19:00:00Z,2022-07-12,19,0.42
2022-07-12T20:00:00Z,2022-07-12,20,0.15
2022-07-12T21:00:00Z,2022-07-12,21,7e-4
2022-07-13T04:00:00Z,2022-07-13,4,0.001
2022-07-13T05:00:00Z,2022-07-13,5,0.2
2022-07-13T06:00:00Z,2022-07-13,6,0.75
2022-07-13T07:00:00Z,2022-07-13,7,2.19
2022-07-13T08:00:00Z,2022-07-13,8,3.9
2022-07-13T09:00:00Z,2022-07-13,9,4.64
2022-07-13T10:00:00Z,2022-07-13,10,7.32
2022-07-13T11:00:00Z,2022-07-13,11,9.6
2022-07-13T12:00:00Z,2022-07-13,12,8.78
2022-07-13T13:00:00Z,2022-07-13,13,9.41
2022-07-13T14:00:00Z,2022-07-13,14,9.05
2022-07-13T15:00:00Z,2022-07-13,15,8.53
2022-07-13T16:00:00Z,2022-07-13,16,6.14
2022-07-13T17:00:00Z,2022-07-13,17,2.79
2022-07-13T18:00:00Z,2022-07-13,18,0.97
2022-07-13T19:00:00Z,2022-07-13,19,0.37
2022-07-13T20:00:00Z,2022-07-13,20,0.13
2022-07-13T21:00:00Z,2022-07-13,21,0.001
2022-07-14T04:00:00Z,2022-07-14,4,0
2022-07-14T05:00:00Z,2022-07-14,5,0.09
2022-07-14T06:00:00Z,2022-07-14,6,0.44
2022-07-14T07:00:00Z,2022-07-14,7,2.19
2022-07-14T08:00:00Z,2022-07-14,8,4.78
2022-07-14T09:00:00Z,2022-07-14,9,7.04
2022-07-14T10:00:00Z,2022-07-14,10,8.71
2022-07-14T11:00:00Z,2022-07-14,11,9.87
2022-07-14T12:00:00Z,2022-07-14,12,10.43
2022-07-14T13:00:00Z,2022-07-14,13,10.42
2022-07-14T14:00:00Z,2022-07-14,14,9.68
2022-07-14T15:00:00Z,2022-07-14,15,8.36
2022-07-14T16:00:00Z,2022-07-14,16,6.06
2022-07-14T17:00:00Z,2022-07-14,17,2.7
2022-07-14T18:00:00Z,2022-07-14,18,0.92
2022-07-14T19:00:00Z,2022-07-14,19,0.36
2022-07-14T20:00:00Z,2022-07-14,20,0.13
2022-07-14T21:00:00Z,2022-07-14,21,5e-4
2022-07-15T05:00:00Z,2022-07-15,5,0.08
2022-07-15T06:00:00Z,2022-07-15,6,0.45
2022-07-15T07:00:00Z,2022-07-15,7,2.15
2022-07-15T08:00:00Z,2022-07-15,8,4.69
2022-07-15T09:00:00Z,2022-07-15,9,6.56
2022-07-15T10:00:00Z,2022-07-15,10,8.21
2022-07-15T11:00:00Z,2022-07-15,11,9.79
2022-07-15T12:00:00Z,2022-07-15,12,10.32
2022-07-15T13:00:00Z,2022-07-15,13,7.42
2022-07-15T14:00:00Z,2022-07-15,14,6.61
2022-07-15T15:00:00Z,2022-07-15,15,6.24
2022-07-15T16:00:00Z,2022-07-15,16,6.88
2022-07-15T17:00:00Z,2022-07-15,17,2.2
2022-07-15T18:00:00Z,2022-07-15,18,1.21
2022-07-15T19:00:00Z,2022-07-15,19,0.6
2022-07-15T20:00:00Z,2022-07-15,20,0.16
2022-07-15T21:00:00Z,2022-07-15,21,0
2022-07-16T05:00:00Z,2022-07-16,5,0.08
2022-07-16T06:00:00Z,2022-07-16,6,0.52
2022-07-16T07:00:00Z,2022-07-16,7,2.09
2022-07-16T08:00:00Z,2022-07-16,8,4.59
2022-07-16T09:00:00Z,2022-07-16,9,6.84
2022-07-16T10:00:00Z,2022-07-16,10,8.51
2022-07-16T11:00:00Z,2022-07-16,11,9.78
2022-07-16T12:00:00Z,2022-07-16,12,8.24
2022-07-16T13:00:00Z,2022-07-16,13,7.25
2022-07-16T14:00:00Z,2022-07-16,14,8.26
2022-07-16T15:00:00Z,2022-07-16,15,7.74
2022-07-16T16:00:00Z,2022-07-16,16,6.3
2022-07-16T17:00:00Z,2022-07-16,17,2.74
2022-07-16T18:00:00Z,2022-07-16,18,1.02
2022-07-16T19:00:00Z,2022-07-16,19,0.49
2022-07-16T20:00:00Z,2022-07-16,20,0.1
2022-07-16T21:00:00Z,2022-07-16,21,0
2022-07-17T05:00:00Z,2022-07-17,5,0.08
2022-07-17T06:00:00Z,2022-07-17,6,0.59
2022-07-17T07:00:00Z,2022-07-17,7,1.55
2022-07-17T08:00:00Z,2022-07-17,8,3.68
2022-07-17T09:00:00Z,2022-07-17,9,6.87
2022-07-17T10:00:00Z,2022-07-17,10,8.5
2022-07-17T11:00:00Z,2022-07-17,11,9.85
2022-07-17T12:00:00Z,2022-07-17,12,10.38
2022-07-17T13:00:00Z,2022-07-17,13,10.35
2022-07-17T14:00:00Z,2022-07-17,14,9.59
2022-07-17T15:00:00Z,2022-07-17,15,8.28
2022-07-17T16:00:00Z,2022-07-17,16,6.41
2022-07-17T17:00:00Z,2022-07-17,17,2.89
2022-07-17T18:00:00Z,2022-07-17,18,1.09
2022-07-17T19:00:00Z,2022-07-17,19,0.48
2022-07-17T20:00:00Z,2022-07-17,20,0.09
2022-07-17T21:00:00Z,2022-07-17,21,0
2022-07-18T05:00:00Z,2022-07-18,5,0.04
2022-07-18T06:00:00Z,2022-07-18,6,0.42
2022-07-18T07:00:00Z,2022-07-18,7,1.3
2022-07-18T08:00:00Z,2022-07-18,8,2.57
2022-07-18T09:00:00Z,2022-07-18,9,3.65
2022-07-18T10:00:00Z,2022-07-18,10,7.29
2022-07-18T11:00:00Z,2022-07-18,11,10.05
2022-07-18T12:00:00Z,2022-07-18,12,10.5
2022-07-18T13:00:00Z,2022-07-18,13,9.22
2022-07-18T14:00:00Z,2022-07-18,14,6
2022-07-18T15:00:00Z,2022-07-18,15,7.58
2022-07-18T16:00:00Z,2022-07-18,16,5.92
2022-07-18T17:00:00Z,2022-07-18,17,3.29
2022-07-18T18:00:00Z,2022-07-18,18,0.92
2022-07-18T19:00:00Z,2022-07-18,19,0.34
2022-07-18T20:00:00Z,2022-07-18,20,0.12
2022-07-18T21:00:00Z,2022-07-18,21,0
2022-07-19T05:00:00Z,2022-07-19,5,0.06
2022-07-19T06:00:00Z,2022-07-19,6,0.4
2022-07-19T07:00:00Z,2022-07-19,7,2.1
2022-07-19T08:00:00Z,2022-07-19,8,4.72
2022-07-19T09:00:00Z,2022-07-19,9,7.03
2022-07-19T10:00:00Z,2022-07-19,10,8.78
2022-07-19T11:00:00Z,2022-07-19,11,10.04
2022-07-19T12:00:00Z,2022-07-19,12,10.58
2022-07-19T13:00:00Z,2022-07-19,13,10.58
2022-07-19T14:00:00Z,2022-07-19,14,9.85
2022-07-19T15:00:00Z,2022-07-19,15,8.51
2022-07-19T16:00:00Z,2022-07-19,16,6.13
2022-07-19T17:00:00Z,2022-07-19,17,2.79
2022-07-19T18:00:00Z,2022-07-19,18,0.89
2022-07-19T19:00:00Z,2022-07-19,19,0.32
2022-07-19T20:00:00Z,2022-07-19,20,0.11
2022-07-19T21:00:00Z,2022-07-19,21,2e-4
2022-07-20T05:00:00Z,2022-07-20,5,0.06
2022-07-20T06:00:00Z,2022-07-20,6,0.41
2022-07-20T07:00:00Z,2022-07-20,7,2.06
2022-07-20T08:00:00Z,2022-07-20,8,4.61
2022-07-20T09:00:00Z,2022-07-20,9,6.84
2022-07-20T10:00:00Z,2022-07-20,10,8.5
2022-07-20T11:00:00Z,2022-07-20,11,9.72
2022-07-20T12:00:00Z,2022-07-20,12,10.29
2022-07-20T13:00:00Z,2022-07-20,13,10.25
2022-07-20T14:00:00Z,2022-07-20,14,9.5
2022-07-20T15:00:00Z,2022-07-20,15,8.23
2022-07-20T16:00:00Z,2022-07-20,16,5.83
2022-07-20T17:00:00Z,2022-07-20,17,2.68
2022-07-20T18:00:00Z,2022-07-20,18,0.88
2022-07-20T19:00:00Z,2022-07-20,19,0.33
2022-07-20T20:00:00Z,2022-07-20,20,0.11
2022-07-20T21:00:00Z,2022-07-20,21,0
2022-07-21T05:00:00Z,2022-07-21,5,0.05
2022-07-21T06:00:00Z,2022-07-21,6,0.4
2022-07-21T07:00:00Z,2022-07-21,7,2.08
2022-07-21T08:00:00Z,2022-07-21,8,4.67
2022-07-21T09:00:00Z,2022-07-21,9,6.75
2022-07-21T10:00:00Z,2022-07-21,10,8.61
2022-07-21T11:00:00Z,2022-07-21,11,4.54
2022-07-21T12:00:00Z,2022-07-21,12,8.83
2022-07-21T13:00:00Z,2022-07-21,13,8.24
2022-07-21T14:00:00Z,2022-07-21,14,8.16
2022-07-21T15:00:00Z,2022-07-21,15,7.07
2022-07-21T16:00:00Z,2022-07-21,16,6.25
2022-07-21T17:00:00Z,2022-07-21,17,2.88
2022-07-21T18:00:00Z,2022-07-21,18,0.63
2022-07-21T19:00:00Z,2022-07-21,19,0.33
2022-07-21T20:00:00Z,2022-07-21,20,0.1
2022-07-21T21:00:00Z,2022-07-21,21,0
2022-07-22T05:00:00Z,2022-07-22,5,0.05
2022-07-22T06:00:00Z,2022-07-22,6,0.37
2022-07-22T07:00:00Z,2022-07-22,7,1.86
2022-07-22T08:00:00Z,2022-07-22,8,4.36
2022-07-22T09:00:00Z,2022-07-22,9,6.52
2022-07-22T10:00:00Z,2022-07-22,10,8.25
2022-07-22T11:00:00Z,2022-07-22,11,9.39
2022-07-22T12:00:00Z,2022-07-22,12,10.1
2022-07-22T13:00:00Z,2022-07-22,13,10.12
2022-07-22T14:00:00Z,2022-07-22,14,9.39
2022-07-22T15:00:00Z,2022-07-22,15,7.65
2022-07-22T16:00:00Z,2022-07-22,16,5.89
2022-07-22T17:00:00Z,2022-07-22,17,1.86
2022-07-22T18:00:00Z,2022-07-22,18,1.05
2022-07-22T19:00:00Z,2022-07-22,19,0.92
2022-07-22T20:00:00Z,2022-07-22,20,0.17
2022-07-23T05:00:00Z,2022-07-23,5,0.08
2022-07-23T06:00:00Z,2022-07-23,6,0.36
2022-07-23T07:00:00Z,2022-07-23,7,1.36
2022-07-23T08:00:00Z,2022-07-23,8,0.81
2022-07-23T09:00:00Z,2022-07-23,9,2.64
2022-07-23T10:00:00Z,2022-07-23,10,1.83
2022-07-23T11:00:00Z,2022-07-23,11,9.63
2022-07-23T12:00:00Z,2022-07-23,12,9.49
2022-07-23T13:00:00Z,2022-07-23,13,8.75
2022-07-23T14:00:00Z,2022-07-23,14,7.78
2022-07-23T15:00:00Z,2022-07-23,15,6.67
2022-07-23T16:00:00Z,2022-07-23,16,5.76
2022-07-23T17:00:00Z,2022-07-23,17,2.82
2022-07-23T18:00:00Z,2022-07-23,18,0.98
2022-07-23T19:00:00Z,2022-07-23,19,0.37
2022-07-23T20:00:00Z,2022-07-23,20,0.13
2022-07-24T05:00:00Z,2022-07-24,5,0.07
2022-07-24T06:00:00Z,2022-07-24,6,0.41
2022-07-24T07:00:00Z,2022-07-24,7,1.85
2022-07-24T08:00:00Z,2022-07-24,8,4.36
2022-07-24T09:00:00Z,2022-07-24,9,6.65
2022-07-24T10:00:00Z,2022-07-24,10,8.33
2022-07-24T11:00:00Z,2022-07-24,11,9.53
2022-07-24T12:00:00Z,2022-07-24,12,9.15
2022-07-24T13:00:00Z,2022-07-24,13,8.39
2022-07-24T14:00:00Z,2022-07-24,14,9.52
2022-07-24T15:00:00Z,2022-07-24,15,7.08
2022-07-24T16:00:00Z,2022-07-24,16,3.6
2022-07-24T17:00:00Z,2022-07-24,17,1.71
2022-07-24T18:00:00Z,2022-07-24,18,1.69
2022-07-24T19:00:00Z,2022-07-24,19,0.86
2022-07-24T20:00:00Z,2022-07-24,20,0.13
2022-07-25T05:00:00Z,2022-07-25,5,0.03
2022-07-25T06:00:00Z,2022-07-25,6,0.41
2022-07-25T07:00:00Z,2022-07-25,7,1.86
2022-07-25T08:00:00Z,2022-07-25,8,4.32
2022-07-25T09:00:00Z,2022-07-25,9,6.48
2022-07-25T10:00:00Z,2022-07-25,10,8.19
2022-07-25T11:00:00Z,2022-07-25,11,9.45
2022-07-25T12:00:00Z,2022-07-25,12,10.07
2022-07-25T13:00:00Z,2022-07-25,13,10.1
2022-07-25T14:00:00Z,2022-07-25,14,9.42
2022-07-25T15:00:00Z,2022-07-25,15,8.12
2022-07-25T16:00:00Z,2022-07-25,16,5.69
2022-07-25T17:00:00Z,2022-07-25,17,2.74
2022-07-25T18:00:00Z,2022-07-25,18,0.78
2022-07-25T19:00:00Z,2022-07-25,19,0.31
2022-07-25T20:00:00Z,2022-07-25,20,0.1
2022-07-26T05:00:00Z,2022-07-26,5,0.02
2022-07-26T06:00:00Z,2022-07-26,6,0.32
2022-07-26T07:00:00Z,2022-07-26,7,1.75
2022-07-26T08:00:00Z,2022-07-26,8,4.26
2022-07-26T09:00:00Z,2022-07-26,9,6.5
2022-07-26T10:00:00Z,2022-07-26,10,8.17
2022-07-26T11:00:00Z,2022-07-26,11,9.56
2022-07-26T12:00:00Z,2022-07-26,12,10.08
2022-07-26T13:00:00Z,2022-07-26,13,10
2022-07-26T14:00:00Z,2022-07-26,14,9.37
2022-07-26T15:00:00Z,2022-07-26,15,8.08
2022-07-26T16:00:00Z,2022-07-26,16,5.61
2022-07-26T17:00:00Z,2022-07-26,17,2.69
2022-07-26T18:00:00Z,2022-07-26,18,0.86
2022-07-26T19:00:00Z,2022-07-26,19,0.3
2022-07-26T20:00:00Z,2022-07-26,20,0.09
2022-07-27T05:00:00Z,2022-07-27,5,0.02
2022-07-27T06:00:00Z,2022-07-27,6,0.3
2022-07-27T07:00:00Z,2022-07-27,7,1.58
2022-07-27T08:00:00Z,2022-07-27,8,3.91
2022-07-27T09:00:00Z,2022-07-27,9,6.03
2022-07-27T10:00:00Z,2022-07-27,10,7.66
2022-07-27T11:00:00Z,2022-07-27,11,8.87
2022-07-27T12:00:00Z,2022-07-27,12,9.46
2022-07-27T13:00:00Z,2022-07-27,13,9.44
2022-07-27T14:00:00Z,2022-07-27,14,8.77
2022-07-27T15:00:00Z,2022-07-27,15,7.51
2022-07-27T16:00:00Z,2022-07-27,16,5.12
2022-07-27T17:00:00Z,2022-07-27,17,2.42
2022-07-27T18:00:00Z,2022-07-27,18,0.84
2022-07-27T19:00:00Z,2022-07-27,19,0.29
2022-07-27T20:00:00Z,2022-07-27,20,0.08
2022-07-28T05:00:00Z,2022-07-28,5,0.02
2022-07-28T06:00:00Z,2022-07-28,6,0.39
2022-07-28T07:00:00Z,2022-07-28,7,1.17
2022-07-28T08:00:00Z,2022-07-28,8,3.15
2022-07-28T09:00:00Z,2022-07-28,9,6.05
2022-07-28T10:00:00Z,2022-07-28,10,7.85
2022-07-28T11:00:00Z,2022-07-28,11,9.08
2022-07-28T12:00:00Z,2022-07-28,12,9.7
2022-07-28T13:00:00Z,2022-07-28,13,9.2
2022-07-28T14:00:00Z,2022-07-28,14,8.35
2022-07-28T15:00:00Z,2022-07-28,15,8.53
2022-07-28T16:00:00Z,2022-07-28,16,5.5
2022-07-28T17:00:00Z,2022-07-28,17,2.6
2022-07-28T18:00:00Z,2022-07-28,18,0.96
2022-07-28T19:00:00Z,2022-07-28,19,0.57
2022-07-28T20:00:00Z,2022-07-28,20,0.12
2022-07-29T05:00:00Z,2022-07-29,5,0.02
2022-07-29T06:00:00Z,2022-07-29,6,0.41
2022-07-29T07:00:00Z,2022-07-29,7,1.63
2022-07-29T08:00:00Z,2022-07-29,8,3.85
2022-07-29T09:00:00Z,2022-07-29,9,6.03
2022-07-29T10:00:00Z,2022-07-29,10,7.75
2022-07-29T11:00:00Z,2022-07-29,11,9.2
2022-07-29T12:00:00Z,2022-07-29,12,8.77
2022-07-29T13:00:00Z,2022-07-29,13,9.5
2022-07-29T14:00:00Z,2022-07-29,14,8.75
2022-07-29T15:00:00Z,2022-07-29,15,7.67
2022-07-29T16:00:00Z,2022-07-29,16,5.36
2022-07-29T17:00:00Z,2022-07-29,17,2.69
2022-07-29T18:00:00Z,2022-07-29,18,0.98
2022-07-29T19:00:00Z,2022-07-29,19,0.37
2022-07-29T20:00:00Z,2022-07-29,20,0.09
2022-07-30T05:00:00Z,2022-07-30,5,0.01
2022-07-30T06:00:00Z,2022-07-30,6,0.38
2022-07-30T07:00:00Z,2022-07-30,7,1.62
2022-07-30T08:00:00Z,2022-07-30,8,3.89
2022-07-30T09:00:00Z,2022-07-30,9,6.1
2022-07-30T10:00:00Z,2022-07-30,10,7.82
2022-07-30T11:00:00Z,2022-07-30,11,9.07
2022-07-30T12:00:00Z,2022-07-30,12,9.78
2022-07-30T13:00:00Z,2022-07-30,13,9.84
2022-07-30T14:00:00Z,2022-07-30,14,9.2
2022-07-30T15:00:00Z,2022-07-30,15,7.79
2022-07-30T16:00:00Z,2022-07-30,16,5.28
2022-07-30T17:00:00Z,2022-07-30,17,2.65
2022-07-30T18:00:00Z,2022-07-30,18,0.99
2022-07-30T19:00:00Z,2022-07-30,19,0.39
2022-07-30T20:00:00Z,2022-07-30,20,0.09
2022-07-31T05:00:00Z,2022-07-31,5,0.01
2022-07-31T06:00:00Z,2022-07-31,6,0.34
2022-07-31T07:00:00Z,2022-07-31,7,1.68
2022-07-31T08:00:00Z,2022-07-31,8,4.11
2022-07-31T09:00:00Z,2022-07-31,9,6.33
2022-07-31T10:00:00Z,2022-07-31,10,8.06
2022-07-31T11:00:00Z,2022-07-31,11,9.35
2022-07-31T12:00:00Z,2022-07-31,12,9.91
2022-07-31T13:00:00Z,2022-07-31,13,9.83
2022-07-31T14:00:00Z,2022-07-31,14,9.09
2022-07-31T15:00:00Z,2022-07-31,15,7.92
2022-07-31T16:00:00Z,2022-07-31,16,5.43
2022-07-31T17:00:00Z,2022-07-31,17,2.76
2022-07-31T18:00:00Z,2022-07-31,18,0.87
2022-07-31T19:00:00Z,2022-07-31,19,0.28
2022-07-31T20:00:00Z,2022-07-31,20,0.07
2022-08-01T05:00:00Z,2022-08-01,5,0.01
2022-08-01T06:00:00Z,2022-08-01,6,0.34
2022-08-01T07:00:00Z,2022-08-01,7,1.77
2022-08-01T08:00:00Z,2022-08-01,8,4.65
2022-08-01T09:00:00Z,2022-08-01,9,6.71
2022-08-01T10:00:00Z,2022-08-01,10,7.85
2022-08-01T11:00:00Z,2022-08-01,11,9.64
2022-08-01T12:00:00Z,2022-08-01,12,10.22
2022-08-01T13:00:00Z,2022-08-01,13,9.31
2022-08-01T14:00:00Z,2022-08-01,14,3.14
2022-08-01T15:00:00Z,2022-08-01,15,3.01
2022-08-01T16:00:00Z,2022-08-01,16,5.64
2022-08-01T17:00:00Z,2022-08-01,17,3.02
2022-08-01T18:00:00Z,2022-08-01,18,1.22
2022-08-01T19:00:00Z,2022-08-01,19,0.39
2022-08-01T20:00:00Z,2022-08-01,20,0.08
2022-08-02T05:00:00Z,2022-08-02,5,0.01
2022-08-02T06:00:00Z,2022-08-02,6,0.48
2022-08-02T07:00:00Z,2022-08-02,7,1.58
2022-08-02T08:00:00Z,2022-08-02,8,3.98
2022-08-02T09:00:00Z,2022-08-02,9,6.24
2022-08-02T10:00:00Z,2022-08-02,10,8.2
2022-08-02T11:00:00Z,2022-08-02,11,9.52
2022-08-02T12:00:00Z,2022-08-02,12,10.09
2022-08-02T13:00:00Z,2022-08-02,13,9.63
2022-08-02T14:00:00Z,2022-08-02,14,9.16
2022-08-02T15:00:00Z,2022-08-02,15,6.28
2022-08-02T16:00:00Z,2022-08-02,16,4.64
2022-08-02T17:00:00Z,2022-08-02,17,2.65
2022-08-02T18:00:00Z,2022-08-02,18,0.74
2022-08-02T19:00:00Z,2022-08-02,19,0.34
2022-08-02T20:00:00Z,2022-08-02,20,0.07
2022-08-03T05:00:00Z,2022-08-03,5,0.008
2022-08-03T06:00:00Z,2022-08-03,6,0.41
2022-08-03T07:00:00Z,2022-08-03,7,1.31
2022-08-03T08:00:00Z,2022-08-03,8,2.46
2022-08-03T09:00:00Z,2022-08-03,9,6.71
2022-08-03T10:00:00Z,2022-08-03,10,5.47
2022-08-03T11:00:00Z,2022-08-03,11,5.83
2022-08-03T12:00:00Z,2022-08-03,12,5.51
2022-08-03T13:00:00Z,2022-08-03,13,7.62
2022-08-03T14:00:00Z,2022-08-03,14,6.19
2022-08-03T15:00:00Z,2022-08-03,15,7.22
2022-08-03T16:00:00Z,2022-08-03,16,4.32
2022-08-03T17:00:00Z,2022-08-03,17,2.1
2022-08-03T18:00:00Z,2022-08-03,18,0.89
2022-08-03T19:00:00Z,2022-08-03,19,0.35
2022-08-03T20:00:00Z,2022-08-03,20,0.07
2022-08-04T05:00:00Z,2022-08-04,5,0.007
2022-08-04T06:00:00Z,2022-08-04,6,0.52
2022-08-04T07:00:00Z,2022-08-04,7,1.07
2022-08-04T08:00:00Z,2022-08-04,8,4.43
2022-08-04T09:00:00Z,2022-08-04,9,6.09
2022-08-04T10:00:00Z,2022-08-04,10,5.54
2022-08-04T11:00:00Z,2022-08-04,11,9.39
2022-08-04T12:00:00Z,2022-08-04,12,6.06
2022-08-04T13:00:00Z,2022-08-04,13,4.57
2022-08-04T14:00:00Z,2022-08-04,14,6.32
2022-08-04T15:00:00Z,2022-08-04,15,5.1
2022-08-04T16:00:00Z,2022-08-04,16,4.61
2022-08-04T17:00:00Z,2022-08-04,17,2.53
2022-08-04T18:00:00Z,2022-08-04,18,1.04
2022-08-04T19:00:00Z,2022-08-04,19,0.47
2022-08-04T20:00:00Z,2022-08-04,20,0.04
2022-08-05T05:00:00Z,2022-08-05,5,0.009
2022-08-05T06:00:00Z,2022-08-05,6,0.26
2022-08-05T07:00:00Z,2022-08-05,7,1.65
2022-08-05T08:00:00Z,2022-08-05,8,4.26
2022-08-05T09:00:00Z,2022-08-05,9,6.68
2022-08-05T10:00:00Z,2022-08-05,10,8.71
2022-08-05T11:00:00Z,2022-08-05,11,10.14
2022-08-05T12:00:00Z,2022-08-05,12,9.16
2022-08-05T13:00:00Z,2022-08-05,13,7.58
2022-08-05T14:00:00Z,2022-08-05,14,10.05
2022-08-05T15:00:00Z,2022-08-05,15,8.41
2022-08-05T16:00:00Z,2022-08-05,16,4.7
2022-08-05T17:00:00Z,2022-08-05,17,2.67
2022-08-05T18:00:00Z,2022-08-05,18,0.92
2022-08-05T19:00:00Z,2022-08-05,19,0.26
2022-08-05T20:00:00Z,2022-08-05,20,0.05
2022-08-06T05:00:00Z,2022-08-06,5,0.01
2022-08-06T06:00:00Z,2022-08-06,6,0.3
2022-08-06T07:00:00Z,2022-08-06,7,1.78
2022-08-06T08:00:00Z,2022-08-06,8,4.39
2022-08-06T09:00:00Z,2022-08-06,9,6.76
2022-08-06T10:00:00Z,2022-08-06,10,8.62
2022-08-06T11:00:00Z,2022-08-06,11,9.87
2022-08-06T12:00:00Z,2022-08-06,12,10.44
2022-08-06T13:00:00Z,2022-08-06,13,10.39
2022-08-06T14:00:00Z,2022-08-06,14,9.58
2022-08-06T15:00:00Z,2022-08-06,15,7.93
2022-08-06T16:00:00Z,2022-08-06,16,5.09
2022-08-06T17:00:00Z,2022-08-06,17,2.53
2022-08-06T18:00:00Z,2022-08-06,18,0.75
2022-08-06T19:00:00Z,2022-08-06,19,0.24
2022-08-06T20:00:00Z,2022-08-06,20,0.04
2022-08-07T05:00:00Z,2022-08-07,5,0.01
2022-08-07T06:00:00Z,2022-08-07,6,0.28
2022-08-07T07:00:00Z,2022-08-07,7,1.72
2022-08-07T08:00:00Z,2022-08-07,8,4.27
2022-08-07T09:00:00Z,2022-08-07,9,6.58
2022-08-07T10:00:00Z,2022-08-07,10,8.42
2022-08-07T11:00:00Z,2022-08-07,11,9.68
2022-08-07T12:00:00Z,2022-08-07,12,10.24
2022-08-07T13:00:00Z,2022-08-07,13,10.19
2022-08-07T14:00:00Z,2022-08-07,14,9.44
2022-08-07T15:00:00Z,2022-08-07,15,7.77
2022-08-07T16:00:00Z,2022-08-07,16,4.82
2022-08-07T17:00:00Z,2022-08-07,17,2.48
2022-08-07T18:00:00Z,2022-08-07,18,0.92
2022-08-07T19:00:00Z,2022-08-07,19,0.35
2022-08-07T20:00:00Z,2022-08-07,20,0.05
2022-08-08T05:00:00Z,2022-08-08,5,0.009
2022-08-08T06:00:00Z,2022-08-08,6,0.29
2022-08-08T07:00:00Z,2022-08-08,7,1.7
2022-08-08T08:00:00Z,2022-08-08,8,4.24
2022-08-08T09:00:00Z,2022-08-08,9,6.5
2022-08-08T10:00:00Z,2022-08-08,10,8.32
2022-08-08T11:00:00Z,2022-08-08,11,9.54
2022-08-08T12:00:00Z,2022-08-08,12,10.04
2022-08-08T13:00:00Z,2022-08-08,13,10.01
2022-08-08T14:00:00Z,2022-08-08,14,9.28
2022-08-08T15:00:00Z,2022-08-08,15,7.7
2022-08-08T16:00:00Z,2022-08-08,16,4.73
2022-08-08T17:00:00Z,2022-08-08,17,2.4
2022-08-08T18:00:00Z,2022-08-08,18,0.77
2022-08-08T19:00:00Z,2022-08-08,19,0.28
2022-08-08T20:00:00Z,2022-08-08,20,0.05
2022-08-09T05:00:00Z,2022-08-09,5,0.008
2022-08-09T06:00:00Z,2022-08-09,6,0.31
2022-08-09T07:00:00Z,2022-08-09,7,1.54
2022-08-09T08:00:00Z,2022-08-09,8,3.92
2022-08-09T09:00:00Z,2022-08-09,9,5.95
2022-08-09T10:00:00Z,2022-08-09,10,7.11
2022-08-09T11:00:00Z,2022-08-09,11,4.91
2022-08-09T12:00:00Z,2022-08-09,12,3
2022-08-09T13:00:00Z,2022-08-09,13,2.13
2022-08-09T14:00:00Z,2022-08-09,14,2.6
2022-08-09T15:00:00Z,2022-08-09,15,1.72
2022-08-09T16:00:00Z,2022-08-09,16,3.53
2022-08-09T17:00:00Z,2022-08-09,17,2.33
2022-08-09T18:00:00Z,2022-08-09,18,0.93
2022-08-09T19:00:00Z,2022-08-09,19,0.32
2022-08-09T20:00:00Z,2022-08-09,20,0.02
2022-08-10T05:00:00Z,2022-08-10,5,5e-4
2022-08-10T06:00:00Z,2022-08-10,6,0.05
2022-08-10T07:00:00Z,2022-08-10,7,0.42
2022-08-10T08:00:00Z,2022-08-10,8,1.89
2022-08-10T09:00:00Z,2022-08-10,9,1.12
2022-08-10T10:00:00Z,2022-08-10,10,2.3
2022-08-10T11:00:00Z,2022-08-10,11,3.63
2022-08-10T12:00:00Z,2022-08-10,12,7.77
2022-08-10T13:00:00Z,2022-08-10,13,6.81
2022-08-10T14:00:00Z,2022-08-10,14,9.91
2022-08-10T15:00:00Z,2022-08-10,15,7.54
2022-08-10T16:00:00Z,2022-08-10,16,4.64
2022-08-10T17:00:00Z,2022-08-10,17,2.53
2022-08-10T18:00:00Z,2022-08-10,18,1.05
2022-08-10T19:00:00Z,2022-08-10,19,0.22
2022-08-10T20:00:00Z,2022-08-10,20,0.01
2022-08-11T05:00:00Z,2022-08-11,5,0.007
2022-08-11T06:00:00Z,2022-08-11,6,0.34
2022-08-11T07:00:00Z,2022-08-11,7,1.57
2022-08-11T08:00:00Z,2022-08-11,8,3.89
2022-08-11T09:00:00Z,2022-08-11,9,6.12
2022-08-11T10:00:00Z,2022-08-11,10,7.75
2022-08-11T11:00:00Z,2022-08-11,11,5.65
2022-08-11T12:00:00Z,2022-08-11,12,9.55
2022-08-11T13:00:00Z,2022-08-11,13,9.83
2022-08-11T14:00:00Z,2022-08-11,14,9.11
2022-08-11T15:00:00Z,2022-08-11,15,7.69
2022-08-11T16:00:00Z,2022-08-11,16,4.02
2022-08-11T17:00:00Z,2022-08-11,17,1.8
2022-08-11T18:00:00Z,2022-08-11,18,0.48
2022-08-11T19:00:00Z,2022-08-11,19,0.13
2022-08-11T20:00:00Z,2022-08-11,20,0.006
2022-08-12T05:00:00Z,2022-08-12,5,0.007
2022-08-12T06:00:00Z,2022-08-12,6,0.27
2022-08-12T07:00:00Z,2022-08-12,7,1.55
2022-08-12T08:00:00Z,2022-08-12,8,3.99
2022-08-12T09:00:00Z,2022-08-12,9,6.27
2022-08-12T10:00:00Z,2022-08-12,10,8.05
2022-08-12T11:00:00Z,2022-08-12,11,9.01
2022-08-12T12:00:00Z,2022-08-12,12,9.35
2022-08-12T13:00:00Z,2022-08-12,13,9.86
2022-08-12T14:00:00Z,2022-08-12,14,9.27
2022-08-12T15:00:00Z,2022-08-12,15,5.54
2022-08-12T16:00:00Z,2022-08-12,16,3.79
2022-08-12T17:00:00Z,2022-08-12,17,2.47
2022-08-12T18:00:00Z,2022-08-12,18,0.8
2022-08-12T19:00:00Z,2022-08-12,19,0.19
2022-08-12T20:00:00Z,2022-08-12,20,0.002
2022-08-13T05:00:00Z,2022-08-13,5,0.006
2022-08-13T06:00:00Z,2022-08-13,6,0.29
2022-08-13T07:00:00Z,2022-08-13,7,1.6
2022-08-13T08:00:00Z,2022-08-13,8,4.02
2022-08-13T09:00:00Z,2022-08-13,9,6.18
2022-08-13T10:00:00Z,2022-08-13,10,4.17
2022-08-13T11:00:00Z,2022-08-13,11,6.52
2022-08-13T12:00:00Z,2022-08-13,12,4.33
2022-08-13T13:00:00Z,2022-08-13,13,10.43
2022-08-13T14:00:00Z,2022-08-13,14,9.65
2022-08-13T15:00:00Z,2022-08-13,15,7.82
2022-08-13T16:00:00Z,2022-08-13,16,4.51
2022-08-13T17:00:00Z,2022-08-13,17,2.45
2022-08-13T18:00:00Z,2022-08-13,18,0.72
2022-08-13T19:00:00Z,2022-08-13,19,0.2
2022-08-13T20:00:00Z,2022-08-13,20,0.02
2022-08-14T05:00:00Z,2022-08-14,5,0.006
2022-08-14T06:00:00Z,2022-08-14,6,0.21
2022-08-14T07:00:00Z,2022-08-14,7,1.57
2022-08-14T08:00:00Z,2022-08-14,8,4.16
2022-08-14T09:00:00Z,2022-08-14,9,6.51
2022-08-14T10:00:00Z,2022-08-14,10,8.39
2022-08-14T11:00:00Z,2022-08-14,11,9.67
2022-08-14T12:00:00Z,2022-08-14,12,9.97
2022-08-14T13:00:00Z,2022-08-14,13,10.23
2022-08-14T14:00:00Z,2022-08-14,14,9.38
2022-08-14T15:00:00Z,2022-08-14,15,7.59
2022-08-14T16:00:00Z,2022-08-14,16,2.97
2022-08-14T17:00:00Z,2022-08-14,17,2
2022-08-14T18:00:00Z,2022-08-14,18,0.92
2022-08-14T19:00:00Z,2022-08-14,19,0.2
2022-08-14T20:00:00Z,2022-08-14,20,0.01
2022-08-15T05:00:00Z,2022-08-15,5,0.006
2022-08-15T06:00:00Z,2022-08-15,6,0.35
2022-08-15T07:00:00Z,2022-08-15,7,0.85
2022-08-15T08:00:00Z,2022-08-15,8,3.8
2022-08-15T09:00:00Z,2022-08-15,9,6.39
2022-08-15T10:00:00Z,2022-08-15,10,8.25
2022-08-15T11:00:00Z,2022-08-15,11,9.49
2022-08-15T12:00:00Z,2022-08-15,12,10.08
2022-08-15T13:00:00Z,2022-08-15,13,9.95
2022-08-15T14:00:00Z,2022-08-15,14,9.15
2022-08-15T15:00:00Z,2022-08-15,15,5.64
2022-08-15T16:00:00Z,2022-08-15,16,4.47
2022-08-15T17:00:00Z,2022-08-15,17,2.49
2022-08-15T18:00:00Z,2022-08-15,18,0.68
2022-08-15T19:00:00Z,2022-08-15,19,0.22
2022-08-15T20:00:00Z,2022-08-15,20,0.009
2022-08-16T05:00:00Z,2022-08-16,5,0.006
2022-08-16T06:00:00Z,2022-08-16,6,0.21
2022-08-16T07:00:00Z,2022-08-16,7,1.52
2022-08-16T08:00:00Z,2022-08-16,8,4.03
2022-08-16T09:00:00Z,2022-08-16,9,6.13
2022-08-16T10:00:00Z,2022-08-16,10,8.14
2022-08-16T11:00:00Z,2022-08-16,11,9.28
2022-08-16T12:00:00Z,2022-08-16,12,9.92
2022-08-16T13:00:00Z,2022-08-16,13,9.78
2022-08-16T14:00:00Z,2022-08-16,14,9.24
2022-08-16T15:00:00Z,2022-08-16,15,7.42
2022-08-16T16:00:00Z,2022-08-16,16,4.17
2022-08-16T17:00:00Z,2022-08-16,17,2.17
2022-08-16T18:00:00Z,2022-08-16,18,0.49
2022-08-16T19:00:00Z,2022-08-16,19,0.18
2022-08-16T20:00:00Z,2022-08-16,20,0.01
2022-08-17T05:00:00Z,2022-08-17,5,0.005
2022-08-17T06:00:00Z,2022-08-17,6,0.19
2022-08-17T07:00:00Z,2022-08-17,7,1.43
2022-08-17T08:00:00Z,2022-08-17,8,3.9
2022-08-17T09:00:00Z,2022-08-17,9,6.21
2022-08-17T10:00:00Z,2022-08-17,10,8.06
2022-08-17T11:00:00Z,2022-08-17,11,9.34
2022-08-17T12:00:00Z,2022-08-17,12,9.9
2022-08-17T13:00:00Z,2022-08-17,13,9.85
2022-08-17T14:00:00Z,2022-08-17,14,9.09
2022-08-17T15:00:00Z,2022-08-17,15,7.38
2022-08-17T16:00:00Z,2022-08-17,16,3.97
2022-08-17T17:00:00Z,2022-08-17,17,2.28
2022-08-17T18:00:00Z,2022-08-17,18,0.7
2022-08-17T19:00:00Z,2022-08-17,19,0.19
2022-08-17T20:00:00Z,2022-08-17,20,0.01
2022-08-18T05:00:00Z,2022-08-18,5,0.004
2022-08-18T06:00:00Z,2022-08-18,6,0.2
2022-08-18T07:00:00Z,2022-08-18,7,1.41
2022-08-18T08:00:00Z,2022-08-18,8,3.81
2022-08-18T09:00:00Z,2022-08-18,9,6.05
2022-08-18T10:00:00Z,2022-08-18,10,7.82
2022-08-18T11:00:00Z,2022-08-18,11,9.18
2022-08-18T12:00:00Z,2022-08-18,12,9.53
2022-08-18T13:00:00Z,2022-08-18,13,7.31
2022-08-18T14:00:00Z,2022-08-18,14,3.45
2022-08-18T15:00:00Z,2022-08-18,15,1.65
2022-08-18T16:00:00Z,2022-08-18,16,2.91
2022-08-18T17:00:00Z,2022-08-18,17,1.85
2022-08-18T18:00:00Z,2022-08-18,18,0.87
2022-08-18T19:00:00Z,2022-08-18,19,0.1
2022-08-18T20:00:00Z,2022-08-18,20,0
2022-08-19T05:00:00Z,2022-08-19,5,0.002
2022-08-19T06:00:00Z,2022-08-19,6,0.24
2022-08-19T07:00:00Z,2022-08-19,7,1.6
2022-08-19T08:00:00Z,2022-08-19,8,2.6
2022-08-19T09:00:00Z,2022-08-19,9,4.1
2022-08-19T10:00:00Z,2022-08-19,10,4.42
2022-08-19T11:00:00Z,2022-08-19,11,4.68
2022-08-19T12:00:00Z,2022-08-19,12,5.84
2022-08-19T13:00:00Z,2022-08-19,13,3.37
2022-08-19T14:00:00Z,2022-08-19,14,3.87
2022-08-19T15:00:00Z,2022-08-19,15,5.06
2022-08-19T16:00:00Z,2022-08-19,16,2.88
2022-08-19T17:00:00Z,2022-08-19,17,1.18
2022-08-19T18:00:00Z,2022-08-19,18,0.34
2022-08-19T19:00:00Z,2022-08-19,19,0.11
2022-08-19T20:00:00Z,2022-08-19,20,0.006
2022-08-20T05:00:00Z,2022-08-20,5,1e-4
2022-08-20T06:00:00Z,2022-08-20,6,0.13
2022-08-20T07:00:00Z,2022-08-20,7,0.84
2022-08-20T08:00:00Z,2022-08-20,8,3
2022-08-20T09:00:00Z,2022-08-20,9,3.92
2022-08-20T10:00:00Z,2022-08-20,10,3.03
2022-08-20T11:00:00Z,2022-08-20,11,3.44
2022-08-20T12:00:00Z,2022-08-20,12,8.97
2022-08-20T13:00:00Z,2022-08-20,13,8.16
2022-08-20T14:00:00Z,2022-08-20,14,6.62
2022-08-20T15:00:00Z,2022-08-20,15,3.25
2022-08-20T16:00:00Z,2022-08-20,16,2.96
2022-08-20T17:00:00Z,2022-08-20,17,1.8
2022-08-20T18:00:00Z,2022-08-20,18,1.42
2022-08-20T19:00:00Z,2022-08-20,19,0.22
2022-08-20T20:00:00Z,2022-08-20,20,0.002
2022-08-21T05:00:00Z,2022-08-21,5,2e-4
2022-08-21T06:00:00Z,2022-08-21,6,0.1
2022-08-21T07:00:00Z,2022-08-21,7,0.96
2022-08-21T08:00:00Z,2022-08-21,8,3.64
2022-08-21T09:00:00Z,2022-08-21,9,5.09
2022-08-21T10:00:00Z,2022-08-21,10,2.96
2022-08-21T11:00:00Z,2022-08-21,11,7.52
2022-08-21T12:00:00Z,2022-08-21,12,9.54
2022-08-21T13:00:00Z,2022-08-21,13,9.44
2022-08-21T14:00:00Z,2022-08-21,14,6.61
2022-08-21T15:00:00Z,2022-08-21,15,5.98
2022-08-21T16:00:00Z,2022-08-21,16,2.77
2022-08-21T17:00:00Z,2022-08-21,17,2.4
2022-08-21T18:00:00Z,2022-08-21,18,0.85
2022-08-21T19:00:00Z,2022-08-21,19,0.21
2022-08-21T20:00:00Z,2022-08-21,20,8e-4
2022-08-22T05:00:00Z,2022-08-22,5,0.003
2022-08-22T06:00:00Z,2022-08-22,6,0.17
2022-08-22T07:00:00Z,2022-08-22,7,1.33
2022-08-22T08:00:00Z,2022-08-22,8,3.62
2022-08-22T09:00:00Z,2022-08-22,9,5
2022-08-22T10:00:00Z,2022-08-22,10,6.74
2022-08-22T11:00:00Z,2022-08-22,11,5.49
2022-08-22T12:00:00Z,2022-08-22,12,5.29
2022-08-22T13:00:00Z,2022-08-22,13,3.6
2022-08-22T14:00:00Z,2022-08-22,14,1.86
2022-08-22T15:00:00Z,2022-08-22,15,1.27
2022-08-22T16:00:00Z,2022-08-22,16,2.56
2022-08-22T17:00:00Z,2022-08-22,17,0.93
2022-08-22T18:00:00Z,2022-08-22,18,0.06
2022-08-22T19:00:00Z,2022-08-22,19,0.01
2022-08-22T20:00:00Z,2022-08-22,20,0
2022-08-23T05:00:00Z,2022-08-23,5,0
2022-08-23T06:00:00Z,2022-08-23,6,0.28
2022-08-23T07:00:00Z,2022-08-23,7,1.46
2022-08-23T08:00:00Z,2022-08-23,8,2.64
2022-08-23T09:00:00Z,2022-08-23,9,2.96
2022-08-23T10:00:00Z,2022-08-23,10,3.62
2022-08-23T11:00:00Z,2022-08-23,11,5.3
2022-08-23T12:00:00Z,2022-08-23,12,6.25
2022-08-23T13:00:00Z,2022-08-23,13,7.56
2022-08-23T14:00:00Z,2022-08-23,14,9.65
2022-08-23T15:00:00Z,2022-08-23,15,7.8
2022-08-23T16:00:00Z,2022-08-23,16,3.89
2022-08-23T17:00:00Z,2022-08-23,17,0.73
2022-08-23T18:00:00Z,2022-08-23,18,0.62
2022-08-23T19:00:00Z,2022-08-23,19,0.19
2022-08-23T20:00:00Z,2022-08-23,20,0
2022-08-24T05:00:00Z,2022-08-24,5,2e-4
2022-08-24T06:00:00Z,2022-08-24,6,0.16
2022-08-24T07:00:00Z,2022-08-24,7,1.35
2022-08-24T08:00:00Z,2022-08-24,8,3.65
2022-08-24T09:00:00Z,2022-08-24,9,6.01
2022-08-24T10:00:00Z,2022-08-24,10,7.9
2022-08-24T11:00:00Z,2022-08-24,11,9.17
2022-08-24T12:00:00Z,2022-08-24,12,9.77
2022-08-24T13:00:00Z,2022-08-24,13,9.7
2022-08-24T14:00:00Z,2022-08-24,14,8.91
2022-08-24T15:00:00Z,2022-08-24,15,7.05
2022-08-24T16:00:00Z,2022-08-24,16,3.62
2022-08-24T17:00:00Z,2022-08-24,17,2.89
2022-08-24T18:00:00Z,2022-08-24,18,1.49
2022-08-24T19:00:00Z,2022-08-24,19,0.36
2022-08-24T20:00:00Z,2022-08-24,20,6e-4
2022-08-25T05:00:00Z,2022-08-25,5,1e-4
2022-08-25T06:00:00Z,2022-08-25,6,0.15
2022-08-25T07:00:00Z,2022-08-25,7,1.3
2022-08-25T08:00:00Z,2022-08-25,8,3.65
2022-08-25T09:00:00Z,2022-08-25,9,6.01
2022-08-25T10:00:00Z,2022-08-25,10,7.83
2022-08-25T11:00:00Z,2022-08-25,11,9.09
2022-08-25T12:00:00Z,2022-08-25,12,9.96
2022-08-25T13:00:00Z,2022-08-25,13,7.96
2022-08-25T14:00:00Z,2022-08-25,14,7.42
2022-08-25T15:00:00Z,2022-08-25,15,3.74
2022-08-25T16:00:00Z,2022-08-25,16,3.71
2022-08-25T17:00:00Z,2022-08-25,17,2.64
2022-08-25T18:00:00Z,2022-08-25,18,1.11
2022-08-25T19:00:00Z,2022-08-25,19,0.37
2022-08-25T20:00:00Z,2022-08-25,20,0
2022-08-26T06:00:00Z,2022-08-26,6,0.34
2022-08-26T07:00:00Z,2022-08-26,7,1.12
2022-08-26T08:00:00Z,2022-08-26,8,2.57
2022-08-26T09:00:00Z,2022-08-26,9,5.8
2022-08-26T10:00:00Z,2022-08-26,10,7.51
2022-08-26T11:00:00Z,2022-08-26,11,9.02
2022-08-26T12:00:00Z,2022-08-26,12,9.28
2022-08-26T13:00:00Z,2022-08-26,13,9.98
2022-08-26T14:00:00Z,2022-08-26,14,9.15
2022-08-26T15:00:00Z,2022-08-26,15,7.11
2022-08-26T16:00:00Z,2022-08-26,16,3.34
2022-08-26T17:00:00Z,2022-08-26,17,2.37
2022-08-26T18:00:00Z,2022-08-26,18,0.8
2022-08-26T19:00:00Z,2022-08-26,19,0.19
2022-08-27T06:00:00Z,2022-08-27,6,0.01
2022-08-27T07:00:00Z,2022-08-27,7,0.1
2022-08-27T08:00:00Z,2022-08-27,8,0.57
2022-08-27T09:00:00Z,2022-08-27,9,1.32
2022-08-27T10:00:00Z,2022-08-27,10,2.29
2022-08-27T11:00:00Z,2022-08-27,11,3.59
2022-08-27T12:00:00Z,2022-08-27,12,4.64
2022-08-27T13:00:00Z,2022-08-27,13,3.66
2022-08-27T14:00:00Z,2022-08-27,14,2.85
2022-08-27T15:00:00Z,2022-08-27,15,2.53
2022-08-27T16:00:00Z,2022-08-27,16,1.61
2022-08-27T17:00:00Z,2022-08-27,17,1.68
2022-08-27T18:00:00Z,2022-08-27,18,0.66
2022-08-27T19:00:00Z,2022-08-27,19,0.12
2022-08-28T06:00:00Z,2022-08-28,6,0.11
2022-08-28T07:00:00Z,2022-08-28,7,1.31
2022-08-28T08:00:00Z,2022-08-28,8,3.26
2022-08-28T09:00:00Z,2022-08-28,9,6.36
2022-08-28T10:00:00Z,2022-08-28,10,8.35
2022-08-28T11:00:00Z,2022-08-28,11,9.72
2022-08-28T12:00:00Z,2022-08-28,12,10.25
2022-08-28T13:00:00Z,2022-08-28,13,10.18
2022-08-28T14:00:00Z,2022-08-28,14,9.33
2022-08-28T15:00:00Z,2022-08-28,15,7.09
2022-08-28T16:00:00Z,2022-08-28,16,3.17
2022-08-28T17:00:00Z,2022-08-28,17,2
2022-08-28T18:00:00Z,2022-08-28,18,0.57
2022-08-28T19:00:00Z,2022-08-28,19,0.11
2022-08-29T06:00:00Z,2022-08-29,6,0.13
2022-08-29T07:00:00Z,2022-08-29,7,0.85
2022-08-29T08:00:00Z,2022-08-29,8,2.91
2022-08-29T09:00:00Z,2022-08-29,9,3.73
2022-08-29T10:00:00Z,2022-08-29,10,6.72
2022-08-29T11:00:00Z,2022-08-29,11,9.12
2022-08-29T12:00:00Z,2022-08-29,12,8.47
2022-08-29T13:00:00Z,2022-08-29,13,9.7
2022-08-29T14:00:00Z,2022-08-29,14,8.93
2022-08-29T15:00:00Z,2022-08-29,15,6.96
2022-08-29T16:00:00Z,2022-08-29,16,3.6
2022-08-29T17:00:00Z,2022-08-29,17,1.94
2022-08-29T18:00:00Z,2022-08-29,18,0.57
2022-08-29T19:00:00Z,2022-08-29,19,0.08
2022-08-30T06:00:00Z,2022-08-30,6,0
2022-08-30T07:00:00Z,2022-08-30,7,0
2022-08-30T08:00:00Z,2022-08-30,8,0
2022-08-30T09:00:00Z,2022-08-30,9,0
2022-08-30T10:00:00Z,2022-08-30,10,0
2022-08-30T11:00:00Z,2022-08-30,11,0
2022-08-30T12:00:00Z,2022-08-30,12,0
2022-08-30T13:00:00Z,2022-08-30,13,0
2022-08-30T14:00:00Z,2022-08-30,14,39.96
2022-08-30T15:00:00Z,2022-08-30,15,6.74
2022-08-30T16:00:00Z,2022-08-30,16,2.91
2022-08-30T17:00:00Z,2022-08-30,17,1.87
2022-08-30T18:00:00Z,2022-08-30,18,0.55
2022-08-30T19:00:00Z,2022-08-30,19,0.1
2022-08-31T06:00:00Z,2022-08-31,6,0.15
2022-08-31T07:00:00Z,2022-08-31,7,1.14
2022-08-31T08:00:00Z,2022-08-31,8,3.43
2022-08-31T09:00:00Z,2022-08-31,9,3.78
2022-08-31T10:00:00Z,2022-08-31,10,3.48
2022-08-31T11:00:00Z,2022-08-31,11,2.66
2022-08-31T12:00:00Z,2022-08-31,12,6.45
2022-08-31T13:00:00Z,2022-08-31,13,6.74
2022-08-31T14:00:00Z,2022-08-31,14,7.02
2022-08-31T15:00:00Z,2022-08-31,15,3.2
2022-08-31T16:00:00Z,2022-08-31,16,1.77
2022-08-31T17:00:00Z,2022-08-31,17,0.46
2022-08-31T18:00:00Z,2022-08-31,18,0.53
2022-08-31T19:00:00Z,2022-08-31,19,0.03
2022-09-01T06:00:00Z,2022-09-01,6,0.12
2022-09-01T07:00:00Z,2022-09-01,7,1.18
2022-09-01T08:00:00Z,2022-09-01,8,3.36
2022-09-01T09:00:00Z,2022-09-01,9,5.72
2022-09-01T10:00:00Z,2022-09-01,10,7.56
2022-09-01T11:00:00Z,2022-09-01,11,8.81
2022-09-01T12:00:00Z,2022-09-01,12,9.4
2022-09-01T13:00:00Z,2022-09-01,13,9.25
2022-09-01T14:00:00Z,2022-09-01,14,8.47
2022-09-01T15:00:00Z,2022-09-01,15,6.38
2022-09-01T16:00:00Z,2022-09-01,16,2.74
2022-09-01T17:00:00Z,2022-09-01,17,1.74
2022-09-01T18:00:00Z,2022-09-01,18,0.52
2022-09-01T19:00:00Z,2022-09-01,19,0.08
2022-09-02T06:00:00Z,2022-09-02,6,0.1
2022-09-02T07:00:00Z,2022-09-02,7,1.14
2022-09-02T08:00:00Z,2022-09-02,8,3.37
2022-09-02T09:00:00Z,2022-09-02,9,5.77
2022-09-02T10:00:00Z,2022-09-02,10,7.66
2022-09-02T11:00:00Z,2022-09-02,11,8.9
2022-09-02T12:00:00Z,2022-09-02,12,9.22
2022-09-02T13:00:00Z,2022-09-02,13,8.96
2022-09-02T14:00:00Z,2022-09-02,14,8.3
2022-09-02T15:00:00Z,2022-09-02,15,4.68
2022-09-02T16:00:00Z,2022-09-02,16,1.54
2022-09-02T17:00:00Z,2022-09-02,17,0.7
2022-09-02T18:00:00Z,2022-09-02,18,0.25
2022-09-02T19:00:00Z,2022-09-02,19,0.05
2022-09-03T06:00:00Z,2022-09-03,6,0.08
2022-09-03T07:00:00Z,2022-09-03,7,1.05
2022-09-03T08:00:00Z,2022-09-03,8,2.97
2022-09-03T09:00:00Z,2022-09-03,9,5.34
2022-09-03T10:00:00Z,2022-09-03,10,7.01
2022-09-03T11:00:00Z,2022-09-03,11,6.7
2022-09-03T12:00:00Z,2022-09-03,12,5.88
2022-09-03T13:00:00Z,2022-09-03,13,4.85
2022-09-03T14:00:00Z,2022-09-03,14,5.14
2022-09-03T15:00:00Z,2022-09-03,15,5.11
2022-09-03T16:00:00Z,2022-09-03,16,1.93
2022-09-03T17:00:00Z,2022-09-03,17,0.71
2022-09-03T18:00:00Z,2022-09-03,18,0.41
2022-09-03T19:00:00Z,2022-09-03,19,0.05
2022-09-04T06:00:00Z,2022-09-04,6,0.1
2022-09-04T07:00:00Z,2022-09-04,7,1.04
2022-09-04T08:00:00Z,2022-09-04,8,2.78
2022-09-04T09:00:00Z,2022-09-04,9,5.2
2022-09-04T10:00:00Z,2022-09-04,10,7
2022-09-04T11:00:00Z,2022-09-04,11,6.51
2022-09-04T12:00:00Z,2022-09-04,12,7.04
2022-09-04T13:00:00Z,2022-09-04,13,3.48
2022-09-04T14:00:00Z,2022-09-04,14,1.6
2022-09-04T15:00:00Z,2022-09-04,15,1.67
2022-09-04T16:00:00Z,2022-09-04,16,1.69
2022-09-04T17:00:00Z,2022-09-04,17,0.87
2022-09-04T18:00:00Z,2022-09-04,18,0.35
2022-09-04T19:00:00Z,2022-09-04,19,0.13
2022-09-05T06:00:00Z,2022-09-05,6,0.04
2022-09-05T07:00:00Z,2022-09-05,7,0.76
2022-09-05T08:00:00Z,2022-09-05,8,3.28
2022-09-05T09:00:00Z,2022-09-05,9,6.25
2022-09-05T10:00:00Z,2022-09-05,10,8.41
2022-09-05T11:00:00Z,2022-09-05,11,10.08
2022-09-05T12:00:00Z,2022-09-05,12,10.36
2022-09-05T13:00:00Z,2022-09-05,13,10.15
2022-09-05T14:00:00Z,2022-09-05,14,9.06
2022-09-05T15:00:00Z,2022-09-05,15,6.7
2022-09-05T16:00:00Z,2022-09-05,16,2.54
2022-09-05T17:00:00Z,2022-09-05,17,1.63
2022-09-05T18:00:00Z,2022-09-05,18,0.53
2022-09-05T19:00:00Z,2022-09-05,19,0.06
2022-09-06T06:00:00Z,2022-09-06,6,0.04
2022-09-06T07:00:00Z,2022-09-06,7,1.11
2022-09-06T08:00:00Z,2022-09-06,8,3.53
2022-09-06T09:00:00Z,2022-09-06,9,6.03
2022-09-06T10:00:00Z,2022-09-06,10,7.96
2022-09-06T11:00:00Z,2022-09-06,11,9.26
2022-09-06T12:00:00Z,2022-09-06,12,9.8
2022-09-06T13:00:00Z,2022-09-06,13,9.63
2022-09-06T14:00:00Z,2022-09-06,14,8.68
2022-09-06T15:00:00Z,2022-09-06,15,6.18
2022-09-06T16:00:00Z,2022-09-06,16,2.59
2022-09-06T17:00:00Z,2022-09-06,17,1.58
2022-09-06T18:00:00Z,2022-09-06,18,0.52
2022-09-06T19:00:00Z,2022-09-06,19,0.06
2022-09-07T06:00:00Z,2022-09-07,6,0.05
2022-09-07T07:00:00Z,2022-09-07,7,0.59
2022-09-07T08:00:00Z,2022-09-07,8,2.44
2022-09-07T09:00:00Z,2022-09-07,9,2.08
2022-09-07T10:00:00Z,2022-09-07,10,3.81
2022-09-07T11:00:00Z,2022-09-07,11,7.04
2022-09-07T12:00:00Z,2022-09-07,12,10.2
2022-09-07T13:00:00Z,2022-09-07,13,10.02
2022-09-07T14:00:00Z,2022-09-07,14,9.2
2022-09-07T15:00:00Z,2022-09-07,15,6.66
2022-09-07T16:00:00Z,2022-09-07,16,2.46
2022-09-07T17:00:00Z,2022-09-07,17,1.59
2022-09-07T18:00:00Z,2022-09-07,18,0.43
2022-09-07T19:00:00Z,2022-09-07,19,0.06
2022-09-08T06:00:00Z,2022-09-08,6,0.03
2022-09-08T07:00:00Z,2022-09-08,7,1.03
2022-09-08T08:00:00Z,2022-09-08,8,3.45
2022-09-08T09:00:00Z,2022-09-08,9,4.37
2022-09-08T10:00:00Z,2022-09-08,10,7.44
2022-09-08T11:00:00Z,2022-09-08,11,4.95
2022-09-08T12:00:00Z,2022-09-08,12,8.42
2022-09-08T13:00:00Z,2022-09-08,13,9.26
2022-09-08T14:00:00Z,2022-09-08,14,7.39
2022-09-08T15:00:00Z,2022-09-08,15,3.33
2022-09-08T16:00:00Z,2022-09-08,16,2.44
2022-09-08T17:00:00Z,2022-09-08,17,1.57
2022-09-08T18:00:00Z,2022-09-08,18,0.41
2022-09-08T19:00:00Z,2022-09-08,19,0.04
2022-09-09T06:00:00Z,2022-09-09,6,0.02
2022-09-09T07:00:00Z,2022-09-09,7,0.92
2022-09-09T08:00:00Z,2022-09-09,8,3.49
2022-09-09T09:00:00Z,2022-09-09,9,6.15
2022-09-09T10:00:00Z,2022-09-09,10,8.09
2022-09-09T11:00:00Z,2022-09-09,11,9.38
2022-09-09T12:00:00Z,2022-09-09,12,9.96
2022-09-09T13:00:00Z,2022-09-09,13,9.88
2022-09-09T14:00:00Z,2022-09-09,14,8.96
2022-09-09T15:00:00Z,2022-09-09,15,6.34
2022-09-09T16:00:00Z,2022-09-09,16,2.3
2022-09-09T17:00:00Z,2022-09-09,17,1.51
2022-09-09T18:00:00Z,2022-09-09,18,0.37
2022-09-09T19:00:00Z,2022-09-09,19,0.03
2022-09-10T06:00:00Z,2022-09-10,6,0.03
2022-09-10T07:00:00Z,2022-09-10,7,0.98
2022-09-10T08:00:00Z,2022-09-10,8,3.36
2022-09-10T09:00:00Z,2022-09-10,9,5.97
2022-09-10T10:00:00Z,2022-09-10,10,7.99
2022-09-10T11:00:00Z,2022-09-10,11,9.33
2022-09-10T12:00:00Z,2022-09-10,12,9.9
2022-09-10T13:00:00Z,2022-09-10,13,9.68
2022-09-10T14:00:00Z,2022-09-10,14,8.76
2022-09-10T15:00:00Z,2022-09-10,15,6.2
2022-09-10T16:00:00Z,2022-09-10,16,2.25
2022-09-10T17:00:00Z,2022-09-10,17,1.43
2022-09-10T18:00:00Z,2022-09-10,18,0.37
2022-09-10T19:00:00Z,2022-09-10,19,0.03
2022-09-11T06:00:00Z,2022-09-11,6,0.01
2022-09-11T07:00:00Z,2022-09-11,7,0.63
2022-09-11T08:00:00Z,2022-09-11,8,1.43
2022-09-11T09:00:00Z,2022-09-11,9,1.5
2022-09-11T10:00:00Z,2022-09-11,10,2.29
2022-09-11T11:00:00Z,2022-09-11,11,1.83
2022-09-11T12:00:00Z,2022-09-11,12,2.9
2022-09-11T13:00:00Z,2022-09-11,13,4.73
2022-09-11T14:00:00Z,2022-09-11,14,4.27
2022-09-11T15:00:00Z,2022-09-11,15,4.94
2022-09-11T16:00:00Z,2022-09-11,16,2.47
2022-09-11T17:00:00Z,2022-09-11,17,1.52
2022-09-11T18:00:00Z,2022-09-11,18,0.48
2022-09-11T19:00:00Z,2022-09-11,19,0.03
2022-09-12T06:00:00Z,2022-09-12,6,0.003
2022-09-12T07:00:00Z,2022-09-12,7,0.11
2022-09-12T08:00:00Z,2022-09-12,8,0.36
2022-09-12T09:00:00Z,2022-09-12,9,0.94
2022-09-12T10:00:00Z,2022-09-12,10,0.9
2022-09-12T11:00:00Z,2022-09-12,11,0.88
2022-09-12T12:00:00Z,2022-09-12,12,0.66
2022-09-12T13:00:00Z,2022-09-12,13,0.95
2022-09-12T14:00:00Z,2022-09-12,14,1.47
2022-09-12T15:00:00Z,2022-09-12,15,1.27
2022-09-12T16:00:00Z,2022-09-12,16,0.97
2022-09-12T17:00:00Z,2022-09-12,17,0.51
2022-09-12T18:00:00Z,2022-09-12,18,0.16
2022-09-12T19:00:00Z,2022-09-12,19,0.007
2022-09-13T06:00:00Z,2022-09-13,6,0.007
2022-09-13T07:00:00Z,2022-09-13,7,0.43
2022-09-13T08:00:00Z,2022-09-13,8,1.27
2022-09-13T09:00:00Z,2022-09-13,9,1.99
2022-09-13T10:00:00Z,2022-09-13,10,2.9
2022-09-13T11:00:00Z,2022-09-13,11,5.85
2022-09-13T12:00:00Z,2022-09-13,12,7.2
2022-09-13T13:00:00Z,2022-09-13,13,8.19
2022-09-13T14:00:00Z,2022-09-13,14,7.34
2022-09-13T15:00:00Z,2022-09-13,15,4.06
2022-09-13T16:00:00Z,2022-09-13,16,1.76
2022-09-13T17:00:00Z,2022-09-13,17,0.93
2022-09-13T18:00:00Z,2022-09-13,18,0.35
2022-09-13T19:00:00Z,2022-09-13,19,0.005
2022-09-14T06:00:00Z,2022-09-14,6,0.009
2022-09-14T07:00:00Z,2022-09-14,7,0.26
2022-09-14T08:00:00Z,2022-09-14,8,0.37
2022-09-14T09:00:00Z,2022-09-14,9,2.39
2022-09-14T10:00:00Z,2022-09-14,10,4.25
2022-09-14T11:00:00Z,2022-09-14,11,2.48
2022-09-14T12:00:00Z,2022-09-14,12,2.4
2022-09-14T13:00:00Z,2022-09-14,13,1.6
2022-09-14T14:00:00Z,2022-09-14,14,3.86
2022-09-14T15:00:00Z,2022-09-14,15,3
2022-09-14T16:00:00Z,2022-09-14,16,2.25
2022-09-14T17:00:00Z,2022-09-14,17,1.38
2022-09-14T18:00:00Z,2022-09-14,18,0.32
2022-09-14T19:00:00Z,2022-09-14,19,0.01
2022-09-15T06:00:00Z,2022-09-15,6,0.02
2022-09-15T07:00:00Z,2022-09-15,7,0.78
2022-09-15T08:00:00Z,2022-09-15,8,2.51
2022-09-15T09:00:00Z,2022-09-15,9,4.86
2022-09-15T10:00:00Z,2022-09-15,10,6.79
2022-09-15T11:00:00Z,2022-09-15,11,7.96
2022-09-15T12:00:00Z,2022-09-15,12,8.89
2022-09-15T13:00:00Z,2022-09-15,13,8.79
2022-09-15T14:00:00Z,2022-09-15,14,7.87
2022-09-15T15:00:00Z,2022-09-15,15,5.48
2022-09-15T16:00:00Z,2022-09-15,16,1.98
2022-09-15T17:00:00Z,2022-09-15,17,0.88
2022-09-15T18:00:00Z,2022-09-15,18,0.31
2022-09-15T19:00:00Z,2022-09-15,19,0.005
2022-09-16T06:00:00Z,2022-09-16,6,0.04
2022-09-16T07:00:00Z,2022-09-16,7,0.99
2022-09-16T08:00:00Z,2022-09-16,8,1.15
2022-09-16T09:00:00Z,2022-09-16,9,1.41
2022-09-16T10:00:00Z,2022-09-16,10,1.96
2022-09-16T11:00:00Z,2022-09-16,11,3.74
2022-09-16T12:00:00Z,2022-09-16,12,3.51
2022-09-16T13:00:00Z,2022-09-16,13,0.75
2022-09-16T14:00:00Z,2022-09-16,14,8.3
2022-09-16T15:00:00Z,2022-09-16,15,4.19
2022-09-16T16:00:00Z,2022-09-16,16,1.79
2022-09-16T17:00:00Z,2022-09-16,17,1.33
2022-09-16T18:00:00Z,2022-09-16,18,0.47
2022-09-16T19:00:00Z,2022-09-16,19,0.002
2022-09-17T06:00:00Z,2022-09-17,6,0.01
2022-09-17T07:00:00Z,2022-09-17,7,0.67
2022-09-17T08:00:00Z,2022-09-17,8,1.64
2022-09-17T09:00:00Z,2022-09-17,9,3.69
2022-09-17T10:00:00Z,2022-09-17,10,5.78
2022-09-17T11:00:00Z,2022-09-17,11,6.93
2022-09-17T12:00:00Z,2022-09-17,12,8.89
2022-09-17T13:00:00Z,2022-09-17,13,9.19
2022-09-17T14:00:00Z,2022-09-17,14,7.61
2022-09-17T15:00:00Z,2022-09-17,15,5.92
2022-09-17T16:00:00Z,2022-09-17,16,2.42
2022-09-17T17:00:00Z,2022-09-17,17,1.47
2022-09-17T18:00:00Z,2022-09-17,18,0.35
2022-09-17T19:00:00Z,2022-09-17,19,0.001
2022-09-18T06:00:00Z,2022-09-18,6,0.008
2022-09-18T07:00:00Z,2022-09-18,7,0.48
2022-09-18T08:00:00Z,2022-09-18,8,2.54
2022-09-18T09:00:00Z,2022-09-18,9,2.1
2022-09-18T10:00:00Z,2022-09-18,10,2.27
2022-09-18T11:00:00Z,2022-09-18,11,7.29
2022-09-18T12:00:00Z,2022-09-18,12,3.86
2022-09-18T13:00:00Z,2022-09-18,13,4.74
2022-09-18T14:00:00Z,2022-09-18,14,4.96
2022-09-18T15:00:00Z,2022-09-18,15,5.17
2022-09-18T16:00:00Z,2022-09-18,16,2.01
2022-09-18T17:00:00Z,2022-09-18,17,1.17
2022-09-18T18:00:00Z,2022-09-18,18,0.28
2022-09-18T19:00:00Z,2022-09-18,19,0.005
2022-09-19T06:00:00Z,2022-09-19,6,0.009
2022-09-19T07:00:00Z,2022-09-19,7,0.49
2022-09-19T08:00:00Z,2022-09-19,8,1.87
2022-09-19T09:00:00Z,2022-09-19,9,1.82
2022-09-19T10:00:00Z,2022-09-19,10,2.94
2022-09-19T11:00:00Z,2022-09-19,11,2.64
2022-09-19T12:00:00Z,2022-09-19,12,6.89
2022-09-19T13:00:00Z,2022-09-19,13,7.85
2022-09-19T14:00:00Z,2022-09-19,14,8.48
2022-09-19T15:00:00Z,2022-09-19,15,6.49
2022-09-19T16:00:00Z,2022-09-19,16,2.1
2022-09-19T17:00:00Z,2022-09-19,17,1.52
2022-09-19T18:00:00Z,2022-09-19,18,0.28
2022-09-19T19:00:00Z,2022-09-19,19,0.001
2022-09-20T06:00:00Z,2022-09-20,6,0.008
2022-09-20T07:00:00Z,2022-09-20,7,0.86
2022-09-20T08:00:00Z,2022-09-20,8,3.27
2022-09-20T09:00:00Z,2022-09-20,9,5.91
2022-09-20T10:00:00Z,2022-09-20,10,7.91
2022-09-20T11:00:00Z,2022-09-20,11,9.24
2022-09-20T12:00:00Z,2022-09-20,12,9.8
2022-09-20T13:00:00Z,2022-09-20,13,9.58
2022-09-20T14:00:00Z,2022-09-20,14,8.62
2022-09-20T15:00:00Z,2022-09-20,15,5.97
2022-09-20T16:00:00Z,2022-09-20,16,1.79
2022-09-20T17:00:00Z,2022-09-20,17,1.06
2022-09-20T18:00:00Z,2022-09-20,18,0.19
2022-09-20T19:00:00Z,2022-09-20,19,0.001
2022-09-21T06:00:00Z,2022-09-21,6,0.008
2022-09-21T07:00:00Z,2022-09-21,7,0.82
2022-09-21T08:00:00Z,2022-09-21,8,3.22
2022-09-21T09:00:00Z,2022-09-21,9,5.92
2022-09-21T10:00:00Z,2022-09-21,10,7.91
2022-09-21T11:00:00Z,2022-09-21,11,9.29
2022-09-21T12:00:00Z,2022-09-21,12,9.83
2022-09-21T13:00:00Z,2022-09-21,13,9.6
2022-09-21T14:00:00Z,2022-09-21,14,8.59
2022-09-21T15:00:00Z,2022-09-21,15,5.82
2022-09-21T16:00:00Z,2022-09-21,16,1.75
2022-09-21T17:00:00Z,2022-09-21,17,1
2022-09-21T18:00:00Z,2022-09-21,18,0.19
2022-09-21T19:00:00Z,2022-09-21,19,9e-4
2022-09-22T06:00:00Z,2022-09-22,6,0.004
2022-09-22T07:00:00Z,2022-09-22,7,0.32
2022-09-22T08:00:00Z,2022-09-22,8,1.41
2022-09-22T09:00:00Z,2022-09-22,9,2.03
2022-09-22T10:00:00Z,2022-09-22,10,5.43
2022-09-22T11:00:00Z,2022-09-22,11,5.29
2022-09-22T12:00:00Z,2022-09-22,12,8.41
2022-09-22T13:00:00Z,2022-09-22,13,10.04
2022-09-22T14:00:00Z,2022-09-22,14,8.66
2022-09-22T15:00:00Z,2022-09-22,15,5.7
2022-09-22T16:00:00Z,2022-09-22,16,1.71
2022-09-22T17:00:00Z,2022-09-22,17,0.96
2022-09-22T18:00:00Z,2022-09-22,18,0.17
2022-09-22T19:00:00Z,2022-09-22,19,0
2022-09-23T06:00:00Z,2022-09-23,6,0.004
2022-09-23T07:00:00Z,2022-09-23,7,0.22
2022-09-23T08:00:00Z,2022-09-23,8,1.5
2022-09-23T09:00:00Z,2022-09-23,9,2.25
2022-09-23T10:00:00Z,2022-09-23,10,2.43
2022-09-23T11:00:00Z,2022-09-23,11,2.26
2022-09-23T12:00:00Z,2022-09-23,12,3.27
2022-09-23T13:00:00Z,2022-09-23,13,3.9
2022-09-23T14:00:00Z,2022-09-23,14,2.49
2022-09-23T15:00:00Z,2022-09-23,15,1.04
2022-09-23T16:00:00Z,2022-09-23,16,0.98
2022-09-23T17:00:00Z,2022-09-23,17,0.55
2022-09-23T18:00:00Z,2022-09-23,18,0.08
2022-09-24T06:00:00Z,2022-09-24,6,0.007
2022-09-24T07:00:00Z,2022-09-24,7,0.65
2022-09-24T08:00:00Z,2022-09-24,8,2.98
2022-09-24T09:00:00Z,2022-09-24,9,3.26
2022-09-24T10:00:00Z,2022-09-24,10,7.41
2022-09-24T11:00:00Z,2022-09-24,11,8.18
2022-09-24T12:00:00Z,2022-09-24,12,9.53
2022-09-24T13:00:00Z,2022-09-24,13,7.11
2022-09-24T14:00:00Z,2022-09-24,14,7.84
2022-09-24T15:00:00Z,2022-09-24,15,4.63
2022-09-24T16:00:00Z,2022-09-24,16,1.95
2022-09-24T17:00:00Z,2022-09-24,17,1.06
2022-09-24T18:00:00Z,2022-09-24,18,0.22
2022-09-25T06:00:00Z,2022-09-25,6,0.006
2022-09-25T07:00:00Z,2022-09-25,7,0.66
2022-09-25T08:00:00Z,2022-09-25,8,2.93
2022-09-25T09:00:00Z,2022-09-25,9,5.51
2022-09-25T10:00:00Z,2022-09-25,10,7.45
2022-09-25T11:00:00Z,2022-09-25,11,8.77
2022-09-25T12:00:00Z,2022-09-25,12,9.22
2022-09-25T13:00:00Z,2022-09-25,13,9.04
2022-09-25T14:00:00Z,2022-09-25,14,8.05
2022-09-25T15:00:00Z,2022-09-25,15,5.38
2022-09-25T16:00:00Z,2022-09-25,16,1.49
2022-09-25T17:00:00Z,2022-09-25,17,0.78
2022-09-25T18:00:00Z,2022-09-25,18,0.12
2022-09-26T06:00:00Z,2022-09-26,6,0.004
2022-09-26T07:00:00Z,2022-09-26,7,0.63
2022-09-26T08:00:00Z,2022-09-26,8,2.85
2022-09-26T09:00:00Z,2022-09-26,9,5.41
2022-09-26T10:00:00Z,2022-09-26,10,7.33
2022-09-26T11:00:00Z,2022-09-26,11,8.64
2022-09-26T12:00:00Z,2022-09-26,12,7.33
2022-09-26T13:00:00Z,2022-09-26,13,4.97
2022-09-26T14:00:00Z,2022-09-26,14,4.01
2022-09-26T15:00:00Z,2022-09-26,15,2.91
2022-09-26T16:00:00Z,2022-09-26,16,2.02
2022-09-26T17:00:00Z,2022-09-26,17,0.74
2022-09-26T18:00:00Z,2022-09-26,18,0.11
2022-09-27T06:00:00Z,2022-09-27,6,0.005
2022-09-27T07:00:00Z,2022-09-27,7,0.52
2022-09-27T08:00:00Z,2022-09-27,8,2.91
2022-09-27T09:00:00Z,2022-09-27,9,5.26
2022-09-27T10:00:00Z,2022-09-27,10,7.13
2022-09-27T11:00:00Z,2022-09-27,11,8.43
2022-09-27T12:00:00Z,2022-09-27,12,8.89
2022-09-27T13:00:00Z,2022-09-27,13,8.65
2022-09-27T14:00:00Z,2022-09-27,14,7.7
2022-09-27T15:00:00Z,2022-09-27,15,5.32
2022-09-27T16:00:00Z,2022-09-27,16,1.47
2022-09-27T17:00:00Z,2022-09-27,17,0.95
2022-09-27T18:00:00Z,2022-09-27,18,0.12
2022-09-28T06:00:00Z,2022-09-28,6,0.003
2022-09-28T07:00:00Z,2022-09-28,7,0.4
2022-09-28T08:00:00Z,2022-09-28,8,1.64
2022-09-28T09:00:00Z,2022-09-28,9,2.46
2022-09-28T10:00:00Z,2022-09-28,10,5.33
2022-09-28T11:00:00Z,2022-09-28,11,6.12
2022-09-28T12:00:00Z,2022-09-28,12,6.19
2022-09-28T13:00:00Z,2022-09-28,13,6.24
2022-09-28T14:00:00Z,2022-09-28,14,5.43
2022-09-28T15:00:00Z,2022-09-28,15,3.37
2022-09-28T16:00:00Z,2022-09-28,16,0.93
2022-09-28T17:00:00Z,2022-09-28,17,0.31
2022-09-28T18:00:00Z,2022-09-28,18,0.06
2022-09-29T06:00:00Z,2022-09-29,6,0
2022-09-29T07:00:00Z,2022-09-29,7,0.03
2022-09-29T08:00:00Z,2022-09-29,8,0.36
2022-09-29T09:00:00Z,2022-09-29,9,0.64
2022-09-29T10:00:00Z,2022-09-29,10,1.22
2022-09-29T11:00:00Z,2022-09-29,11,2.01
2022-09-29T12:00:00Z,2022-09-29,12,1.68
2022-09-29T13:00:00Z,2022-09-29,13,1.37
2022-09-29T14:00:00Z,2022-09-29,14,1.75
2022-09-29T15:00:00Z,2022-09-29,15,1.45
2022-09-29T16:00:00Z,2022-09-29,16,0.94
2022-09-29T17:00:00Z,2022-09-29,17,0.54
2022-09-29T18:00:00Z,2022-09-29,18,0.11
2022-09-30T06:00:00Z,2022-09-30,6,0.003
2022-09-30T07:00:00Z,2022-09-30,7,0.47
2022-09-30T08:00:00Z,2022-09-30,8,2.49
2022-09-30T09:00:00Z,2022-09-30,9,4.92
2022-09-30T10:00:00Z,2022-09-30,10,6.85
2022-09-30T11:00:00Z,2022-09-30,11,8.16
2022-09-30T12:00:00Z,2022-09-30,12,8.71
2022-09-30T13:00:00Z,2022-09-30,13,8.44
2022-09-30T14:00:00Z,2022-09-30,14,7.4
2022-09-30T15:00:00Z,2022-09-30,15,4.92
2022-09-30T16:00:00Z,2022-09-30,16,1.41
2022-09-30T17:00:00Z,2022-09-30,17,0.69
2022-09-30T18:00:00Z,2022-09-30,18,0.1
2022-10-01T06:00:00Z,2022-10-01,6,0.003
2022-10-01T07:00:00Z,2022-10-01,7,0.47
2022-10-01T08:00:00Z,2022-10-01,8,2.45
2022-10-01T09:00:00Z,2022-10-01,9,4.9
2022-10-01T10:00:00Z,2022-10-01,10,6.85
2022-10-01T11:00:00Z,2022-10-01,11,8.22
2022-10-01T12:00:00Z,2022-10-01,12,8.76
2022-10-01T13:00:00Z,2022-10-01,13,8.53
2022-10-01T14:00:00Z,2022-10-01,14,7.5
2022-10-01T15:00:00Z,2022-10-01,15,4.92
2022-10-01T16:00:00Z,2022-10-01,16,1.32
2022-10-01T17:00:00Z,2022-10-01,17,0.63
2022-10-01T18:00:00Z,2022-10-01,18,0.08
2022-10-02T06:00:00Z,2022-10-02,6,0.003
2022-10-02T07:00:00Z,2022-10-02,7,0.46
2022-10-02T08:00:00Z,2022-10-02,8,2.57
2022-10-02T09:00:00Z,2022-10-02,9,5.1
2022-10-02T10:00:00Z,2022-10-02,10,7.07
2022-10-02T11:00:00Z,2022-10-02,11,8.36
2022-10-02T12:00:00Z,2022-10-02,12,8.87
2022-10-02T13:00:00Z,2022-10-02,13,8.68
2022-10-02T14:00:00Z,2022-10-02,14,7.62
2022-10-02T15:00:00Z,2022-10-02,15,5.02
2022-10-02T16:00:00Z,2022-10-02,16,1.28
2022-10-02T17:00:00Z,2022-10-02,17,0.6
2022-10-02T18:00:00Z,2022-10-02,18,0.07
2022-10-03T06:00:00Z,2022-10-03,6,0.002
2022-10-03T07:00:00Z,2022-10-03,7,0.47
2022-10-03T08:00:00Z,2022-10-03,8,2.56
2022-10-03T09:00:00Z,2022-10-03,9,5.14
2022-10-03T10:00:00Z,2022-10-03,10,7.16
2022-10-03T11:00:00Z,2022-10-03,11,8.46
2022-10-03T12:00:00Z,2022-10-03,12,8.99
2022-10-03T13:00:00Z,2022-10-03,13,8.76
2022-10-03T14:00:00Z,2022-10-03,14,7.79
2022-10-03T15:00:00Z,2022-10-03,15,5.17
2022-10-03T16:00:00Z,2022-10-03,16,1.25
2022-10-03T17:00:00Z,2022-10-03,17,0.57
2022-10-03T18:00:00Z,2022-10-03,18,0.06
2022-10-04T06:00:00Z,2022-10-04,6,0.002
2022-10-04T07:00:00Z,2022-10-04,7,0.37
2022-10-04T08:00:00Z,2022-10-04,8,2.16
2022-10-04T09:00:00Z,2022-10-04,9,4.64
2022-10-04T10:00:00Z,2022-10-04,10,6.52
2022-10-04T11:00:00Z,2022-10-04,11,7.66
2022-10-04T12:00:00Z,2022-10-04,12,7.9
2022-10-04T13:00:00Z,2022-10-04,13,7.97
2022-10-04T14:00:00Z,2022-10-04,14,6.64
2022-10-04T15:00:00Z,2022-10-04,15,4.22
2022-10-04T16:00:00Z,2022-10-04,16,1.19
2022-10-04T17:00:00Z,2022-10-04,17,0.78
2022-10-04T18:00:00Z,2022-10-04,18,0.08
2022-10-05T06:00:00Z,2022-10-05,6,0
2022-10-05T07:00:00Z,2022-10-05,7,0.31
2022-10-05T08:00:00Z,2022-10-05,8,1.96
2022-10-05T09:00:00Z,2022-10-05,9,4.77
2022-10-05T10:00:00Z,2022-10-05,10,6.53
2022-10-05T11:00:00Z,2022-10-05,11,7.99
2022-10-05T12:00:00Z,2022-10-05,12,8.54
2022-10-05T13:00:00Z,2022-10-05,13,7.71
2022-10-05T14:00:00Z,2022-10-05,14,7.24
2022-10-05T15:00:00Z,2022-10-05,15,4.61
2022-10-05T16:00:00Z,2022-10-05,16,1.38
2022-10-05T17:00:00Z,2022-10-05,17,0.71
2022-10-05T18:00:00Z,2022-10-05,18,0.05
2022-10-06T06:00:00Z,2022-10-06,6,0.002
2022-10-06T07:00:00Z,2022-10-06,7,0.36
2022-10-06T08:00:00Z,2022-10-06,8,1.89
2022-10-06T09:00:00Z,2022-10-06,9,4.77
2022-10-06T10:00:00Z,2022-10-06,10,6.74
2022-10-06T11:00:00Z,2022-10-06,11,7.12
2022-10-06T12:00:00Z,2022-10-06,12,8.03
2022-10-06T13:00:00Z,2022-10-06,13,8.38
2022-10-06T14:00:00Z,2022-10-06,14,7.06
2022-10-06T15:00:00Z,2022-10-06,15,4.54
2022-10-06T16:00:00Z,2022-10-06,16,1.51
2022-10-06T17:00:00Z,2022-10-06,17,0.61
2022-10-06T18:00:00Z,2022-10-06,18,0.03
2022-10-07T07:00:00Z,2022-10-07,7,0.19
2022-10-07T08:00:00Z,2022-10-07,8,1.52
2022-10-07T09:00:00Z,2022-10-07,9,4.31
2022-10-07T10:00:00Z,2022-10-07,10,4.63
2022-10-07T11:00:00Z,2022-10-07,11,4.38
2022-10-07T12:00:00Z,2022-10-07,12,3.45
2022-10-07T13:00:00Z,2022-10-07,13,4.53
2022-10-07T14:00:00Z,2022-10-07,14,3.86
2022-10-07T15:00:00Z,2022-10-07,15,3.52
2022-10-07T16:00:00Z,2022-10-07,16,1.57
2022-10-07T17:00:00Z,2022-10-07,17,0.64
2022-10-07T18:00:00Z,2022-10-07,18,0.05
2022-10-08T07:00:00Z,2022-10-08,7,0.13
2022-10-08T08:00:00Z,2022-10-08,8,0.9
2022-10-08T09:00:00Z,2022-10-08,9,4.43
2022-10-08T10:00:00Z,2022-10-08,10,6.36
2022-10-08T11:00:00Z,2022-10-08,11,7.63
2022-10-08T12:00:00Z,2022-10-08,12,8.1
2022-10-08T13:00:00Z,2022-10-08,13,7.83
2022-10-08T14:00:00Z,2022-10-08,14,6.78
2022-10-08T15:00:00Z,2022-10-08,15,4.42
2022-10-08T16:00:00Z,2022-10-08,16,1.22
2022-10-08T17:00:00Z,2022-10-08,17,0.48
2022-10-08T18:00:00Z,2022-10-08,18,0.03
2022-10-09T07:00:00Z,2022-10-09,7,0.29
2022-10-09T08:00:00Z,2022-10-09,8,2.3
2022-10-09T09:00:00Z,2022-10-09,9,4.86
2022-10-09T10:00:00Z,2022-10-09,10,6.8
2022-10-09T11:00:00Z,2022-10-09,11,8.02
2022-10-09T12:00:00Z,2022-10-09,12,8.49
2022-10-09T13:00:00Z,2022-10-09,13,8.15
2022-10-09T14:00:00Z,2022-10-09,14,7.19
2022-10-09T15:00:00Z,2022-10-09,15,4.63
2022-10-09T16:00:00Z,2022-10-09,16,1.08
2022-10-09T17:00:00Z,2022-10-09,17,0.46
2022-10-09T18:00:00Z,2022-10-09,18,0.03
2022-10-10T07:00:00Z,2022-10-10,7,0.32
2022-10-10T08:00:00Z,2022-10-10,8,0.57
2022-10-10T09:00:00Z,2022-10-10,9,0.58
2022-10-10T10:00:00Z,2022-10-10,10,1.36
2022-10-10T11:00:00Z,2022-10-10,11,5.08
2022-10-10T12:00:00Z,2022-10-10,12,8.72
2022-10-10T13:00:00Z,2022-10-10,13,8.83
2022-10-10T14:00:00Z,2022-10-10,14,7.61
2022-10-10T15:00:00Z,2022-10-10,15,4.9
2022-10-10T16:00:00Z,2022-10-10,16,1.46
2022-10-10T17:00:00Z,2022-10-10,17,0.74
2022-10-10T18:00:00Z,2022-10-10,18,0.05
2022-10-11T07:00:00Z,2022-10-11,7,0.26
2022-10-11T08:00:00Z,2022-10-11,8,2.28
2022-10-11T09:00:00Z,2022-10-11,9,5.5
2022-10-11T10:00:00Z,2022-10-11,10,6.84
2022-10-11T11:00:00Z,2022-10-11,11,7.87
2022-10-11T12:00:00Z,2022-10-11,12,8.58
2022-10-11T13:00:00Z,2022-10-11,13,8.36
2022-10-11T14:00:00Z,2022-10-11,14,7.18
2022-10-11T15:00:00Z,2022-10-11,15,4.25
2022-10-11T16:00:00Z,2022-10-11,16,1.34
2022-10-11T17:00:00Z,2022-10-11,17,0.3
2022-10-11T18:00:00Z,2022-10-11,18,0.01
2022-10-12T07:00:00Z,2022-10-12,7,0.24
2022-10-12T08:00:00Z,2022-10-12,8,2.33
2022-10-12T09:00:00Z,2022-10-12,9,4.96
2022-10-12T10:00:00Z,2022-10-12,10,6.93
2022-10-12T11:00:00Z,2022-10-12,11,8.11
2022-10-12T12:00:00Z,2022-10-12,12,8.62
2022-10-12T13:00:00Z,2022-10-12,13,8.33
2022-10-12T14:00:00Z,2022-10-12,14,6.6
2022-10-12T15:00:00Z,2022-10-12,15,3.31
2022-10-12T16:00:00Z,2022-10-12,16,1.38
2022-10-12T17:00:00Z,2022-10-12,17,0.33
2022-10-12T18:00:00Z,2022-10-12,18,0.02
2022-10-13T07:00:00Z,2022-10-13,7,0.24
2022-10-13T08:00:00Z,2022-10-13,8,2.35
2022-10-13T09:00:00Z,2022-10-13,9,5.02
2022-10-13T10:00:00Z,2022-10-13,10,7.01
2022-10-13T11:00:00Z,2022-10-13,11,8.28
2022-10-13T12:00:00Z,2022-10-13,12,8.75
2022-10-13T13:00:00Z,2022-10-13,13,8.46
2022-10-13T14:00:00Z,2022-10-13,14,7.2
2022-10-13T15:00:00Z,2022-10-13,15,4.7
2022-10-13T16:00:00Z,2022-10-13,16,0.95
2022-10-13T17:00:00Z,2022-10-13,17,0.3
2022-10-13T18:00:00Z,2022-10-13,18,0.01
2022-10-14T07:00:00Z,2022-10-14,7,0.14
2022-10-14T08:00:00Z,2022-10-14,8,1.37
2022-10-14T09:00:00Z,2022-10-14,9,3.69
2022-10-14T10:00:00Z,2022-10-14,10,5.9
2022-10-14T11:00:00Z,2022-10-14,11,7.29
2022-10-14T12:00:00Z,2022-10-14,12,6.94
2022-10-14T13:00:00Z,2022-10-14,13,7.12
2022-10-14T14:00:00Z,2022-10-14,14,6.21
2022-10-14T15:00:00Z,2022-10-14,15,4.27
2022-10-14T16:00:00Z,2022-10-14,16,0.9
2022-10-14T17:00:00Z,2022-10-14,17,0.29
2022-10-14T18:00:00Z,2022-10-14,18,0.02
2022-10-15T07:00:00Z,2022-10-15,7,0.13
2022-10-15T08:00:00Z,2022-10-15,8,2.09
2022-10-15T09:00:00Z,2022-10-15,9,4.68
2022-10-15T10:00:00Z,2022-10-15,10,6.63
2022-10-15T11:00:00Z,2022-10-15,11,7.93
2022-10-15T12:00:00Z,2022-10-15,12,8.36
2022-10-15T13:00:00Z,2022-10-15,13,8.08
2022-10-15T14:00:00Z,2022-10-15,14,6.81
2022-10-15T15:00:00Z,2022-10-15,15,4.27
2022-10-15T16:00:00Z,2022-10-15,16,0.88
2022-10-15T17:00:00Z,2022-10-15,17,0.28
2022-10-15T18:00:00Z,2022-10-15,18,0.007
2022-10-16T07:00:00Z,2022-10-16,7,0.13
2022-10-16T08:00:00Z,2022-10-16,8,1.99
2022-10-16T09:00:00Z,2022-10-16,9,4.46
2022-10-16T10:00:00Z,2022-10-16,10,6.28
2022-10-16T11:00:00Z,2022-10-16,11,7.5
2022-10-16T12:00:00Z,2022-10-16,12,7.96
2022-10-16T13:00:00Z,2022-10-16,13,7.66
2022-10-16T14:00:00Z,2022-10-16,14,6.4
2022-10-16T15:00:00Z,2022-10-16,15,3.93
2022-10-16T16:00:00Z,2022-10-16,16,0.78
2022-10-16T17:00:00Z,2022-10-16,17,0.24
2022-10-16T18:00:00Z,2022-10-16,18,0.004
2022-10-17T07:00:00Z,2022-10-17,7,0.1
2022-10-17T08:00:00Z,2022-10-17,8,1.1
2022-10-17T09:00:00Z,2022-10-17,9,2.59
2022-10-17T10:00:00Z,2022-10-17,10,5.15
2022-10-17T11:00:00Z,2022-10-17,11,6.53
2022-10-17T12:00:00Z,2022-10-17,12,6.93
2022-10-17T13:00:00Z,2022-10-17,13,6.34
2022-10-17T14:00:00Z,2022-10-17,14,4.97
2022-10-17T15:00:00Z,2022-10-17,15,3.1
2022-10-17T16:00:00Z,2022-10-17,16,1.17
2022-10-17T17:00:00Z,2022-10-17,17,0.28
2022-10-17T18:00:00Z,2022-10-17,18,0.001
2022-10-18T07:00:00Z,2022-10-18,7,0.08
2022-10-18T08:00:00Z,2022-10-18,8,1.31
2022-10-18T09:00:00Z,2022-10-18,9,3.55
2022-10-18T10:00:00Z,2022-10-18,10,5.79
2022-10-18T11:00:00Z,2022-10-18,11,7.24
2022-10-18T12:00:00Z,2022-10-18,12,7.87
2022-10-18T13:00:00Z,2022-10-18,13,7.5
2022-10-18T14:00:00Z,2022-10-18,14,6.07
2022-10-18T15:00:00Z,2022-10-18,15,3.49
2022-10-18T16:00:00Z,2022-10-18,16,1.04
2022-10-18T17:00:00Z,2022-10-18,17,0.28
2022-10-18T18:00:00Z,2022-10-18,18,0.001
2022-10-19T07:00:00Z,2022-10-19,7,0.1
2022-10-19T08:00:00Z,2022-10-19,8,1.18
2022-10-19T09:00:00Z,2022-10-19,9,3.71
2022-10-19T10:00:00Z,2022-10-19,10,4.93
2022-10-19T11:00:00Z,2022-10-19,11,6.53
2022-10-19T12:00:00Z,2022-10-19,12,7.43
2022-10-19T13:00:00Z,2022-10-19,13,7.16
2022-10-19T14:00:00Z,2022-10-19,14,5.7
2022-10-19T15:00:00Z,2022-10-19,15,2.1
2022-10-19T16:00:00Z,2022-10-19,16,1.11
2022-10-19T17:00:00Z,2022-10-19,17,0.28
2022-10-19T18:00:00Z,2022-10-19,18,1e-4
2022-10-20T07:00:00Z,2022-10-20,7,0.007
2022-10-20T08:00:00Z,2022-10-20,8,0.02
2022-10-20T09:00:00Z,2022-10-20,9,0.08
2022-10-20T10:00:00Z,2022-10-20,10,0.32
2022-10-20T11:00:00Z,2022-10-20,11,0.57
2022-10-20T12:00:00Z,2022-10-20,12,0.99
2022-10-20T13:00:00Z,2022-10-20,13,1.26
2022-10-20T14:00:00Z,2022-10-20,14,1.28
2022-10-20T15:00:00Z,2022-10-20,15,0.9
2022-10-20T16:00:00Z,2022-10-20,16,0.51
2022-10-20T17:00:00Z,2022-10-20,17,0.09
2022-10-20T18:00:00Z,2022-10-20,18,0
